metric,baseline,proposed,full
BERT derived iso-frequency latency (us),256.5,51.0,95.1
Mistral derived iso-frequency latency (us),734.4,158.8,428.6
Qwen14B derived iso-frequency latency (us),926.0,194.2,533.3
"Standalone mapped cells (P0-6, SMU increment)",n/a,73505,107372
"Standalone mapped area (P0-6, Liberty units, SMU increment)",n/a,"77,103.3","114,713.3"
"Standalone critical delay (P7, pre-layout ABC, ps)",n/a,"12,342.9","13,202.6"
"Estimated standalone Fmax (P7, pre-layout ABC, MHz)",n/a,81.02,75.74
Derived iso-frequency throughput geomean (MElements/s),4.52,21.72,9.05
Incremental-SMU area efficiency geomean (ME/s / norm-area),n/a,21.72,6.08
