kind,config,case_id,N,D,C0,Cs,Cv,R_squared,measured_cycles,fitted_cycles,Cstall_cycles,fit_point_count
point,B2R_RVV,break_even_n1_d1,1,1,,,,,1719,1635.4395985615965,83.56040143840339,
point,B2R_RVV,break_even_n1_d8,1,8,,,,,1757,1651.3090411231587,105.6909588768413,
point,B2R_RVV,break_even_n1_d16,1,16,,,,,1709,1669.4455469078011,39.5544530921989,
point,B2R_RVV,break_even_n1_d32,1,32,,,,,1728,1705.718558477086,22.281441522914097,
point,B2R_RVV,scale_d64_n1,1,64,,,,,1760,1778.2645816156555,-18.264581615655494,
point,B2R_RVV,break_even_n2_d1,2,1,,,,,3095,3109.5253745215887,-14.52537452158869,
point,B2R_RVV,break_even_n2_d8,2,8,,,,,3062,3141.264259644713,-79.2642596447129,
point,B2R_RVV,break_even_n2_d16,2,16,,,,,3116,3177.537271213998,-61.537271213997684,
point,B2R_RVV,break_even_n2_d32,2,32,,,,,3285,3250.0832943525675,34.91670564743272,
point,B2R_RVV,scale_d64_n2,2,64,,,,,3323,3395.1753406297066,-72.17534062970647,
point,B2R_RVV,break_even_n4_d1,4,1,,,,,5946,6057.696926441573,-111.69692644157286,
point,B2R_RVV,break_even_n4_d8,4,8,,,,,6069,6121.174696687821,-52.17469668782125,
point,B2R_RVV,break_even_n4_d16,4,16,,,,,6107,6193.72071982639,-86.72071982639085,
point,B2R_RVV,break_even_n4_d32,4,32,,,,,6355,6338.81276610353,16.187233896469962,
point,B2R_RVV,scale_d64_n4,4,64,,,,,6632,6628.996858657809,3.0031413421915856,
point,B2R_RVV,scale_n8_d1,8,1,,,,,11832,11954.040030281541,-122.04003028154119,
point,B2R_RVV,scale_n8_d8,8,8,,,,,12152,12080.995570774037,71.00442922596201,
point,B2R_RVV,scale_n8_d16,8,16,,,,,12453,12226.087617051176,226.91238294882282,
point,B2R_RVV,scale_n8_d32,8,32,,,,,12756,12516.271709605455,239.72829039454444,
point,B2R_RVV,scale_d64_n8,8,64,,,,,13131,13096.639894714011,34.36010528598769,
point,B2R_RVV,scale_n8_d128,8,128,,,,,14382,14257.376264931127,124.62373506887418,
point,B2R_RVV,scale_d64_n16,16,64,,,,,25485,26031.92596682642,-546.9259668264201,
point,B2R_RVV,scale_d64_n32,32,64,,,,,52066,51902.49811105124,163.50188894876433,
point,A1_SMU_SCALAR,break_even_n1_d1,1,1,,,,,1488,1475.1744113591337,12.825588640866286,
point,A1_SMU_SCALAR,break_even_n1_d8,1,8,,,,,1483,1490.0564823983007,-7.056482398300648,
point,A1_SMU_SCALAR,break_even_n1_d16,1,16,,,,,1540,1507.06456358592,32.935436414079994,
point,A1_SMU_SCALAR,break_even_n1_d32,1,32,,,,,1539,1541.0807259611588,-2.0807259611587128,
point,A1_SMU_SCALAR,scale_d64_n1,1,64,,,,,1610,1609.113050711636,0.8869492883638684,
point,A1_SMU_SCALAR,break_even_n2_d1,2,1,,,,,1591,1567.5785769210313,23.421423078968687,
point,A1_SMU_SCALAR,break_even_n2_d8,2,8,,,,,1582,1597.3427189993652,-15.342718999365184,
point,A1_SMU_SCALAR,break_even_n2_d16,2,16,,,,,1637,1631.358881374604,5.641118625396106,
point,A1_SMU_SCALAR,break_even_n2_d32,2,32,,,,,1670,1699.3912061250812,-29.39120612508131,
point,A1_SMU_SCALAR,scale_d64_n2,2,64,,,,,1815,1835.455855626036,-20.45585562603615,
point,A1_SMU_SCALAR,break_even_n4_d1,4,1,,,,,1858,1752.3869080448264,105.61309195517349,
point,A1_SMU_SCALAR,break_even_n4_d8,4,8,,,,,1789,1811.9151922014942,-22.915192201494257,
point,A1_SMU_SCALAR,break_even_n4_d16,4,16,,,,,1839,1879.9475169519717,-40.94751695197167,
point,A1_SMU_SCALAR,break_even_n4_d32,4,32,,,,,2053,2016.0121664529265,36.987833547073485,
point,A1_SMU_SCALAR,scale_d64_n4,4,64,,,,,2325,2288.141465454836,36.85853454516381,
point,A1_SMU_SCALAR,scale_n8_d1,8,1,,,,,2164,2122.003570292417,41.99642970758308,
point,A1_SMU_SCALAR,scale_n8_d8,8,8,,,,,2171,2241.0601386057524,-70.0601386057524,
point,A1_SMU_SCALAR,scale_n8_d16,8,16,,,,,2360,2377.1247881067075,-17.124788106707236,
point,A1_SMU_SCALAR,scale_n8_d32,8,32,,,,,2632,2649.254087108617,-17.25408710861691,
point,A1_SMU_SCALAR,scale_d64_n8,8,64,,,,,3192,3193.5126851124364,-1.5126851124362608,
point,A1_SMU_SCALAR,scale_n8_d128,8,128,,,,,4280,4282.029881120075,-2.029881120074961,
point,A1_SMU_SCALAR,scale_d64_n16,16,64,,,,,4896,5004.2551244276365,-108.2551244276364,
point,A1_SMU_SCALAR,scale_d64_n32,32,64,,,,,8683,8625.740003058037,57.259996941963294,
point,A2_SMU_FULL,break_even_n1_d1,1,1,,,,,1338,1312.9238116716313,25.076188328368797,
point,A2_SMU_FULL,break_even_n1_d8,1,8,,,,,1380,1369.1300643770448,10.869935622955136,
point,A2_SMU_FULL,break_even_n1_d16,1,16,,,,,1433,1433.3657817546605,-0.36578175466047486,
point,A2_SMU_FULL,break_even_n1_d32,1,32,,,,,1555,1561.8372165098917,-6.837216509891698,
point,A2_SMU_FULL,scale_d64_n1,1,64,,,,,1825,1818.7800860203542,6.219913979645855,
point,A2_SMU_FULL,break_even_n2_d1,2,1,,,,,1337,1340.270538766309,-3.270538766309008,
point,A2_SMU_FULL,break_even_n2_d8,2,8,,,,,1459,1452.6830441771363,6.3169558228636715,
point,A2_SMU_FULL,break_even_n2_d16,2,16,,,,,1588,1581.1544789323675,6.845521067632449,
point,A2_SMU_FULL,break_even_n2_d32,2,32,,,,,1826,1838.09734844283,-12.097348442829999,
point,A2_SMU_FULL,scale_d64_n2,2,64,,,,,2349,2351.983087463755,-2.983087463754891,
point,A2_SMU_FULL,break_even_n4_d1,4,1,,,,,1380,1394.9639929556647,-14.963992955664617,
point,A2_SMU_FULL,break_even_n4_d8,4,8,,,,,1653,1619.7890037773193,33.21099622268074,
point,A2_SMU_FULL,break_even_n4_d16,4,16,,,,,1860,1876.7318732877818,-16.731873287781706,
point,A2_SMU_FULL,break_even_n4_d32,4,32,,,,,2378,2390.6176123087066,-12.617612308706597,
point,A2_SMU_FULL,scale_d64_n4,4,64,,,,,3412,3418.389090350556,-6.389090350556384,
point,A2_SMU_FULL,scale_n8_d1,8,1,,,,,1502,1504.3509013343757,-2.3509013343758363,
point,A2_SMU_FULL,scale_n8_d8,8,8,,,,,1931,1954.0009229776851,-23.000922977685118,
point,A2_SMU_FULL,scale_n8_d16,8,16,,,,,2494,2467.88666199861,26.113338001389987,
point,A2_SMU_FULL,scale_n8_d32,8,32,,,,,3477,3495.65814004046,-18.6581400404598,
point,A2_SMU_FULL,scale_d64_n8,8,64,,,,,5559,5551.201096124159,7.7989038758406295,
point,A2_SMU_FULL,scale_n8_d128,8,128,,,,,9652,9662.287008291558,-10.287008291558516,
point,A2_SMU_FULL,scale_d64_n16,16,64,,,,,9820,9816.825107671366,3.174892328634658,
point,A2_SMU_FULL,scale_d64_n32,32,64,,,,,18353,18348.073130765777,4.926869234222714,
