ordinal,instruction_name,pattern,match,mask,pattern_source_location,decoder_location,guard,opcode,funct3_rule,funct7_rule,rd_rule,rs1_rule,rs2_rule
1,VLE8_V,???000?00000?????000?????0000111,0x00000007,0x1DF0707F,hw/ip/snitch/src/riscv_instr.sv:448,hw/ip/spatz/src/spatz_decoder.sv:57,always,0x07,000,???000?,*,*,00000
2,VLE16_V,???000?00000?????101?????0000111,0x00005007,0x1DF0707F,hw/ip/snitch/src/riscv_instr.sv:449,hw/ip/spatz/src/spatz_decoder.sv:58,always,0x07,101,???000?,*,*,00000
3,VLE32_V,???000?00000?????110?????0000111,0x00006007,0x1DF0707F,hw/ip/snitch/src/riscv_instr.sv:450,hw/ip/spatz/src/spatz_decoder.sv:59,always,0x07,110,???000?,*,*,00000
4,VLE64_V,???000?00000?????111?????0000111,0x00007007,0x1DF0707F,hw/ip/snitch/src/riscv_instr.sv:451,hw/ip/spatz/src/spatz_decoder.sv:60,always,0x07,111,???000?,*,*,00000
5,VLSE8_V,???010???????????000?????0000111,0x08000007,0x1C00707F,hw/ip/snitch/src/riscv_instr.sv:480,hw/ip/spatz/src/spatz_decoder.sv:61,always,0x07,000,???010?,*,*,*
6,VLSE16_V,???010???????????101?????0000111,0x08005007,0x1C00707F,hw/ip/snitch/src/riscv_instr.sv:481,hw/ip/spatz/src/spatz_decoder.sv:62,always,0x07,101,???010?,*,*,*
7,VLSE32_V,???010???????????110?????0000111,0x08006007,0x1C00707F,hw/ip/snitch/src/riscv_instr.sv:482,hw/ip/spatz/src/spatz_decoder.sv:63,always,0x07,110,???010?,*,*,*
8,VLSE64_V,???010???????????111?????0000111,0x08007007,0x1C00707F,hw/ip/snitch/src/riscv_instr.sv:483,hw/ip/spatz/src/spatz_decoder.sv:64,always,0x07,111,???010?,*,*,*
9,VLUXEI8_V,???001???????????000?????0000111,0x04000007,0x1C00707F,hw/ip/snitch/src/riscv_instr.sv:464,hw/ip/spatz/src/spatz_decoder.sv:65,always,0x07,000,???001?,*,*,*
10,VLUXEI16_V,???001???????????101?????0000111,0x04005007,0x1C00707F,hw/ip/snitch/src/riscv_instr.sv:465,hw/ip/spatz/src/spatz_decoder.sv:66,always,0x07,101,???001?,*,*,*
11,VLUXEI32_V,???001???????????110?????0000111,0x04006007,0x1C00707F,hw/ip/snitch/src/riscv_instr.sv:466,hw/ip/spatz/src/spatz_decoder.sv:67,always,0x07,110,???001?,*,*,*
12,VLUXEI64_V,???001???????????111?????0000111,0x04007007,0x1C00707F,hw/ip/snitch/src/riscv_instr.sv:467,hw/ip/spatz/src/spatz_decoder.sv:68,always,0x07,111,???001?,*,*,*
13,VLOXEI8_V,???011???????????000?????0000111,0x0C000007,0x1C00707F,hw/ip/snitch/src/riscv_instr.sv:496,hw/ip/spatz/src/spatz_decoder.sv:69,always,0x07,000,???011?,*,*,*
14,VLOXEI16_V,???011???????????101?????0000111,0x0C005007,0x1C00707F,hw/ip/snitch/src/riscv_instr.sv:497,hw/ip/spatz/src/spatz_decoder.sv:70,always,0x07,101,???011?,*,*,*
15,VLOXEI32_V,???011???????????110?????0000111,0x0C006007,0x1C00707F,hw/ip/snitch/src/riscv_instr.sv:498,hw/ip/spatz/src/spatz_decoder.sv:71,always,0x07,110,???011?,*,*,*
16,VLOXEI64_V,???011???????????111?????0000111,0x0C007007,0x1C00707F,hw/ip/snitch/src/riscv_instr.sv:499,hw/ip/spatz/src/spatz_decoder.sv:72,always,0x07,111,???011?,*,*,*
17,VSE8_V,???000?00000?????000?????0100111,0x00000027,0x1DF0707F,hw/ip/snitch/src/riscv_instr.sv:456,hw/ip/spatz/src/spatz_decoder.sv:73,always,0x27,000,???000?,*,*,00000
18,VSE16_V,???000?00000?????101?????0100111,0x00005027,0x1DF0707F,hw/ip/snitch/src/riscv_instr.sv:457,hw/ip/spatz/src/spatz_decoder.sv:74,always,0x27,101,???000?,*,*,00000
19,VSE32_V,???000?00000?????110?????0100111,0x00006027,0x1DF0707F,hw/ip/snitch/src/riscv_instr.sv:458,hw/ip/spatz/src/spatz_decoder.sv:75,always,0x27,110,???000?,*,*,00000
20,VSE64_V,???000?00000?????111?????0100111,0x00007027,0x1DF0707F,hw/ip/snitch/src/riscv_instr.sv:459,hw/ip/spatz/src/spatz_decoder.sv:76,always,0x27,111,???000?,*,*,00000
21,VSSE8_V,???010???????????000?????0100111,0x08000027,0x1C00707F,hw/ip/snitch/src/riscv_instr.sv:488,hw/ip/spatz/src/spatz_decoder.sv:77,always,0x27,000,???010?,*,*,*
22,VSSE16_V,???010???????????101?????0100111,0x08005027,0x1C00707F,hw/ip/snitch/src/riscv_instr.sv:489,hw/ip/spatz/src/spatz_decoder.sv:78,always,0x27,101,???010?,*,*,*
23,VSSE32_V,???010???????????110?????0100111,0x08006027,0x1C00707F,hw/ip/snitch/src/riscv_instr.sv:490,hw/ip/spatz/src/spatz_decoder.sv:79,always,0x27,110,???010?,*,*,*
24,VSSE64_V,???010???????????111?????0100111,0x08007027,0x1C00707F,hw/ip/snitch/src/riscv_instr.sv:491,hw/ip/spatz/src/spatz_decoder.sv:80,always,0x27,111,???010?,*,*,*
25,VSUXEI8_V,???001???????????000?????0100111,0x04000027,0x1C00707F,hw/ip/snitch/src/riscv_instr.sv:472,hw/ip/spatz/src/spatz_decoder.sv:81,always,0x27,000,???001?,*,*,*
26,VSUXEI16_V,???001???????????101?????0100111,0x04005027,0x1C00707F,hw/ip/snitch/src/riscv_instr.sv:473,hw/ip/spatz/src/spatz_decoder.sv:82,always,0x27,101,???001?,*,*,*
27,VSUXEI32_V,???001???????????110?????0100111,0x04006027,0x1C00707F,hw/ip/snitch/src/riscv_instr.sv:474,hw/ip/spatz/src/spatz_decoder.sv:83,always,0x27,110,???001?,*,*,*
28,VSUXEI64_V,???001???????????111?????0100111,0x04007027,0x1C00707F,hw/ip/snitch/src/riscv_instr.sv:475,hw/ip/spatz/src/spatz_decoder.sv:84,always,0x27,111,???001?,*,*,*
29,VSOXEI8_V,???011???????????000?????0100111,0x0C000027,0x1C00707F,hw/ip/snitch/src/riscv_instr.sv:504,hw/ip/spatz/src/spatz_decoder.sv:85,always,0x27,000,???011?,*,*,*
30,VSOXEI16_V,???011???????????101?????0100111,0x0C005027,0x1C00707F,hw/ip/snitch/src/riscv_instr.sv:505,hw/ip/spatz/src/spatz_decoder.sv:86,always,0x27,101,???011?,*,*,*
31,VSOXEI32_V,???011???????????110?????0100111,0x0C006027,0x1C00707F,hw/ip/snitch/src/riscv_instr.sv:506,hw/ip/spatz/src/spatz_decoder.sv:87,always,0x27,110,???011?,*,*,*
32,VSOXEI64_V,???011???????????111?????0100111,0x0C007027,0x1C00707F,hw/ip/snitch/src/riscv_instr.sv:507,hw/ip/spatz/src/spatz_decoder.sv:88,always,0x27,111,???011?,*,*,*
33,VADD_VV,000000???????????000?????1010111,0x00000057,0xFC00707F,hw/ip/snitch/src/riscv_instr.sv:686,hw/ip/spatz/src/spatz_decoder.sv:213,always,0x57,000,000000?,*,*,*
34,VADD_VX,000000???????????100?????1010111,0x00004057,0xFC00707F,hw/ip/snitch/src/riscv_instr.sv:643,hw/ip/spatz/src/spatz_decoder.sv:214,always,0x57,100,000000?,*,*,*
35,VADD_VI,000000???????????011?????1010111,0x00003057,0xFC00707F,hw/ip/snitch/src/riscv_instr.sv:727,hw/ip/spatz/src/spatz_decoder.sv:215,always,0x57,011,000000?,*,*,*
36,VSUB_VV,000010???????????000?????1010111,0x08000057,0xFC00707F,hw/ip/snitch/src/riscv_instr.sv:687,hw/ip/spatz/src/spatz_decoder.sv:216,always,0x57,000,000010?,*,*,*
37,VSUB_VX,000010???????????100?????1010111,0x08004057,0xFC00707F,hw/ip/snitch/src/riscv_instr.sv:644,hw/ip/spatz/src/spatz_decoder.sv:217,always,0x57,100,000010?,*,*,*
38,VRSUB_VX,000011???????????100?????1010111,0x0C004057,0xFC00707F,hw/ip/snitch/src/riscv_instr.sv:645,hw/ip/spatz/src/spatz_decoder.sv:218,always,0x57,100,000011?,*,*,*
39,VRSUB_VI,000011???????????011?????1010111,0x0C003057,0xFC00707F,hw/ip/snitch/src/riscv_instr.sv:728,hw/ip/spatz/src/spatz_decoder.sv:219,always,0x57,011,000011?,*,*,*
40,VWADD_VV,110001???????????010?????1010111,0xC4002057,0xFC00707F,hw/ip/snitch/src/riscv_instr.sv:809,hw/ip/spatz/src/spatz_decoder.sv:220,always,0x57,010,110001?,*,*,*
41,VWADD_VX,110001???????????110?????1010111,0xC4006057,0xFC00707F,hw/ip/snitch/src/riscv_instr.sv:842,hw/ip/spatz/src/spatz_decoder.sv:221,always,0x57,110,110001?,*,*,*
42,VWADDU_VV,110000???????????010?????1010111,0xC0002057,0xFC00707F,hw/ip/snitch/src/riscv_instr.sv:808,hw/ip/spatz/src/spatz_decoder.sv:222,always,0x57,010,110000?,*,*,*
43,VWADDU_VX,110000???????????110?????1010111,0xC0006057,0xFC00707F,hw/ip/snitch/src/riscv_instr.sv:841,hw/ip/spatz/src/spatz_decoder.sv:223,always,0x57,110,110000?,*,*,*
44,VWSUB_VV,110011???????????010?????1010111,0xCC002057,0xFC00707F,hw/ip/snitch/src/riscv_instr.sv:811,hw/ip/spatz/src/spatz_decoder.sv:224,always,0x57,010,110011?,*,*,*
45,VWSUB_VX,110011???????????110?????1010111,0xCC006057,0xFC00707F,hw/ip/snitch/src/riscv_instr.sv:844,hw/ip/spatz/src/spatz_decoder.sv:225,always,0x57,110,110011?,*,*,*
46,VWSUBU_VV,110010???????????010?????1010111,0xC8002057,0xFC00707F,hw/ip/snitch/src/riscv_instr.sv:810,hw/ip/spatz/src/spatz_decoder.sv:226,always,0x57,010,110010?,*,*,*
47,VWSUBU_VX,110010???????????110?????1010111,0xC8006057,0xFC00707F,hw/ip/snitch/src/riscv_instr.sv:843,hw/ip/spatz/src/spatz_decoder.sv:227,always,0x57,110,110010?,*,*,*
48,VAND_VV,001001???????????000?????1010111,0x24000057,0xFC00707F,hw/ip/snitch/src/riscv_instr.sv:692,hw/ip/spatz/src/spatz_decoder.sv:228,always,0x57,000,001001?,*,*,*
49,VAND_VX,001001???????????100?????1010111,0x24004057,0xFC00707F,hw/ip/snitch/src/riscv_instr.sv:650,hw/ip/spatz/src/spatz_decoder.sv:229,always,0x57,100,001001?,*,*,*
50,VAND_VI,001001???????????011?????1010111,0x24003057,0xFC00707F,hw/ip/snitch/src/riscv_instr.sv:729,hw/ip/spatz/src/spatz_decoder.sv:230,always,0x57,011,001001?,*,*,*
51,VOR_VV,001010???????????000?????1010111,0x28000057,0xFC00707F,hw/ip/snitch/src/riscv_instr.sv:693,hw/ip/spatz/src/spatz_decoder.sv:231,always,0x57,000,001010?,*,*,*
52,VOR_VX,001010???????????100?????1010111,0x28004057,0xFC00707F,hw/ip/snitch/src/riscv_instr.sv:651,hw/ip/spatz/src/spatz_decoder.sv:232,always,0x57,100,001010?,*,*,*
53,VOR_VI,001010???????????011?????1010111,0x28003057,0xFC00707F,hw/ip/snitch/src/riscv_instr.sv:730,hw/ip/spatz/src/spatz_decoder.sv:233,always,0x57,011,001010?,*,*,*
54,VXOR_VV,001011???????????000?????1010111,0x2C000057,0xFC00707F,hw/ip/snitch/src/riscv_instr.sv:694,hw/ip/spatz/src/spatz_decoder.sv:234,always,0x57,000,001011?,*,*,*
55,VXOR_VX,001011???????????100?????1010111,0x2C004057,0xFC00707F,hw/ip/snitch/src/riscv_instr.sv:652,hw/ip/spatz/src/spatz_decoder.sv:235,always,0x57,100,001011?,*,*,*
56,VXOR_VI,001011???????????011?????1010111,0x2C003057,0xFC00707F,hw/ip/snitch/src/riscv_instr.sv:731,hw/ip/spatz/src/spatz_decoder.sv:236,always,0x57,011,001011?,*,*,*
57,VADC_VVM,0100000??????????000?????1010111,0x40000057,0xFE00707F,hw/ip/snitch/src/riscv_instr.sv:697,hw/ip/spatz/src/spatz_decoder.sv:237,always,0x57,000,0100000,*,*,*
58,VADC_VXM,0100000??????????100?????1010111,0x40004057,0xFE00707F,hw/ip/snitch/src/riscv_instr.sv:656,hw/ip/spatz/src/spatz_decoder.sv:238,always,0x57,100,0100000,*,*,*
59,VADC_VIM,0100000??????????011?????1010111,0x40003057,0xFE00707F,hw/ip/snitch/src/riscv_instr.sv:735,hw/ip/spatz/src/spatz_decoder.sv:239,always,0x57,011,0100000,*,*,*
60,VMADC_VV,0100011??????????000?????1010111,0x46000057,0xFE00707F,hw/ip/snitch/src/riscv_instr.sv:699,hw/ip/spatz/src/spatz_decoder.sv:240,always,0x57,000,0100011,*,*,*
61,VMADC_VX,0100011??????????100?????1010111,0x46004057,0xFE00707F,hw/ip/snitch/src/riscv_instr.sv:658,hw/ip/spatz/src/spatz_decoder.sv:241,always,0x57,100,0100011,*,*,*
62,VMADC_VI,0100011??????????011?????1010111,0x46003057,0xFE00707F,hw/ip/snitch/src/riscv_instr.sv:737,hw/ip/spatz/src/spatz_decoder.sv:242,always,0x57,011,0100011,*,*,*
63,VMADC_VVM,0100010??????????000?????1010111,0x44000057,0xFE00707F,hw/ip/snitch/src/riscv_instr.sv:698,hw/ip/spatz/src/spatz_decoder.sv:243,always,0x57,000,0100010,*,*,*
64,VMADC_VXM,0100010??????????100?????1010111,0x44004057,0xFE00707F,hw/ip/snitch/src/riscv_instr.sv:657,hw/ip/spatz/src/spatz_decoder.sv:244,always,0x57,100,0100010,*,*,*
65,VMADC_VIM,0100010??????????011?????1010111,0x44003057,0xFE00707F,hw/ip/snitch/src/riscv_instr.sv:736,hw/ip/spatz/src/spatz_decoder.sv:245,always,0x57,011,0100010,*,*,*
66,VSBC_VVM,0100100??????????000?????1010111,0x48000057,0xFE00707F,hw/ip/snitch/src/riscv_instr.sv:700,hw/ip/spatz/src/spatz_decoder.sv:246,always,0x57,000,0100100,*,*,*
67,VSBC_VXM,0100100??????????100?????1010111,0x48004057,0xFE00707F,hw/ip/snitch/src/riscv_instr.sv:659,hw/ip/spatz/src/spatz_decoder.sv:247,always,0x57,100,0100100,*,*,*
68,VMSBC_VV,0100111??????????000?????1010111,0x4E000057,0xFE00707F,hw/ip/snitch/src/riscv_instr.sv:702,hw/ip/spatz/src/spatz_decoder.sv:248,always,0x57,000,0100111,*,*,*
69,VMSBC_VX,0100111??????????100?????1010111,0x4E004057,0xFE00707F,hw/ip/snitch/src/riscv_instr.sv:661,hw/ip/spatz/src/spatz_decoder.sv:249,always,0x57,100,0100111,*,*,*
70,VMSBC_VVM,0100110??????????000?????1010111,0x4C000057,0xFE00707F,hw/ip/snitch/src/riscv_instr.sv:701,hw/ip/spatz/src/spatz_decoder.sv:250,always,0x57,000,0100110,*,*,*
71,VMSBC_VXM,0100110??????????100?????1010111,0x4C004057,0xFE00707F,hw/ip/snitch/src/riscv_instr.sv:660,hw/ip/spatz/src/spatz_decoder.sv:251,always,0x57,100,0100110,*,*,*
72,VSLL_VV,100101???????????000?????1010111,0x94000057,0xFC00707F,hw/ip/snitch/src/riscv_instr.sv:715,hw/ip/spatz/src/spatz_decoder.sv:252,always,0x57,000,100101?,*,*,*
73,VSLL_VX,100101???????????100?????1010111,0x94004057,0xFC00707F,hw/ip/snitch/src/riscv_instr.sv:676,hw/ip/spatz/src/spatz_decoder.sv:253,always,0x57,100,100101?,*,*,*
74,VSLL_VI,100101???????????011?????1010111,0x94003057,0xFC00707F,hw/ip/snitch/src/riscv_instr.sv:748,hw/ip/spatz/src/spatz_decoder.sv:254,always,0x57,011,100101?,*,*,*
75,VSRL_VV,101000???????????000?????1010111,0xA0000057,0xFC00707F,hw/ip/snitch/src/riscv_instr.sv:717,hw/ip/spatz/src/spatz_decoder.sv:255,always,0x57,000,101000?,*,*,*
76,VSRL_VX,101000???????????100?????1010111,0xA0004057,0xFC00707F,hw/ip/snitch/src/riscv_instr.sv:678,hw/ip/spatz/src/spatz_decoder.sv:256,always,0x57,100,101000?,*,*,*
77,VSRL_VI,101000???????????011?????1010111,0xA0003057,0xFC00707F,hw/ip/snitch/src/riscv_instr.sv:753,hw/ip/spatz/src/spatz_decoder.sv:257,always,0x57,011,101000?,*,*,*
78,VSRA_VV,101001???????????000?????1010111,0xA4000057,0xFC00707F,hw/ip/snitch/src/riscv_instr.sv:718,hw/ip/spatz/src/spatz_decoder.sv:258,always,0x57,000,101001?,*,*,*
79,VSRA_VX,101001???????????100?????1010111,0xA4004057,0xFC00707F,hw/ip/snitch/src/riscv_instr.sv:679,hw/ip/spatz/src/spatz_decoder.sv:259,always,0x57,100,101001?,*,*,*
80,VSRA_VI,101001???????????011?????1010111,0xA4003057,0xFC00707F,hw/ip/snitch/src/riscv_instr.sv:754,hw/ip/spatz/src/spatz_decoder.sv:260,always,0x57,011,101001?,*,*,*
81,VMIN_VV,000101???????????000?????1010111,0x14000057,0xFC00707F,hw/ip/snitch/src/riscv_instr.sv:689,hw/ip/spatz/src/spatz_decoder.sv:261,always,0x57,000,000101?,*,*,*
82,VMIN_VX,000101???????????100?????1010111,0x14004057,0xFC00707F,hw/ip/snitch/src/riscv_instr.sv:647,hw/ip/spatz/src/spatz_decoder.sv:262,always,0x57,100,000101?,*,*,*
83,VMINU_VV,000100???????????000?????1010111,0x10000057,0xFC00707F,hw/ip/snitch/src/riscv_instr.sv:688,hw/ip/spatz/src/spatz_decoder.sv:263,always,0x57,000,000100?,*,*,*
84,VMINU_VX,000100???????????100?????1010111,0x10004057,0xFC00707F,hw/ip/snitch/src/riscv_instr.sv:646,hw/ip/spatz/src/spatz_decoder.sv:264,always,0x57,100,000100?,*,*,*
85,VMAX_VV,000111???????????000?????1010111,0x1C000057,0xFC00707F,hw/ip/snitch/src/riscv_instr.sv:691,hw/ip/spatz/src/spatz_decoder.sv:265,always,0x57,000,000111?,*,*,*
86,VMAX_VX,000111???????????100?????1010111,0x1C004057,0xFC00707F,hw/ip/snitch/src/riscv_instr.sv:649,hw/ip/spatz/src/spatz_decoder.sv:266,always,0x57,100,000111?,*,*,*
87,VMAXU_VV,000110???????????000?????1010111,0x18000057,0xFC00707F,hw/ip/snitch/src/riscv_instr.sv:690,hw/ip/spatz/src/spatz_decoder.sv:267,always,0x57,000,000110?,*,*,*
88,VMAXU_VX,000110???????????100?????1010111,0x18004057,0xFC00707F,hw/ip/snitch/src/riscv_instr.sv:648,hw/ip/spatz/src/spatz_decoder.sv:268,always,0x57,100,000110?,*,*,*
89,VREDSUM_VS,000000???????????010?????1010111,0x00002057,0xFC00707F,hw/ip/snitch/src/riscv_instr.sv:761,hw/ip/spatz/src/spatz_decoder.sv:269,always,0x57,010,000000?,*,*,*
90,VREDAND_VS,000001???????????010?????1010111,0x04002057,0xFC00707F,hw/ip/snitch/src/riscv_instr.sv:762,hw/ip/spatz/src/spatz_decoder.sv:270,always,0x57,010,000001?,*,*,*
91,VREDOR_VS,000010???????????010?????1010111,0x08002057,0xFC00707F,hw/ip/snitch/src/riscv_instr.sv:763,hw/ip/spatz/src/spatz_decoder.sv:271,always,0x57,010,000010?,*,*,*
92,VREDXOR_VS,000011???????????010?????1010111,0x0C002057,0xFC00707F,hw/ip/snitch/src/riscv_instr.sv:764,hw/ip/spatz/src/spatz_decoder.sv:272,always,0x57,010,000011?,*,*,*
93,VREDMIN_VS,000101???????????010?????1010111,0x14002057,0xFC00707F,hw/ip/snitch/src/riscv_instr.sv:766,hw/ip/spatz/src/spatz_decoder.sv:273,always,0x57,010,000101?,*,*,*
94,VREDMINU_VS,000100???????????010?????1010111,0x10002057,0xFC00707F,hw/ip/snitch/src/riscv_instr.sv:765,hw/ip/spatz/src/spatz_decoder.sv:274,always,0x57,010,000100?,*,*,*
95,VREDMAX_VS,000111???????????010?????1010111,0x1C002057,0xFC00707F,hw/ip/snitch/src/riscv_instr.sv:768,hw/ip/spatz/src/spatz_decoder.sv:275,always,0x57,010,000111?,*,*,*
96,VREDMAXU_VS,000110???????????010?????1010111,0x18002057,0xFC00707F,hw/ip/snitch/src/riscv_instr.sv:767,hw/ip/spatz/src/spatz_decoder.sv:276,always,0x57,010,000110?,*,*,*
97,VMSEQ_VV,011000???????????000?????1010111,0x60000057,0xFC00707F,hw/ip/snitch/src/riscv_instr.sv:705,hw/ip/spatz/src/spatz_decoder.sv:277,always,0x57,000,011000?,*,*,*
98,VMSEQ_VX,011000???????????100?????1010111,0x60004057,0xFC00707F,hw/ip/snitch/src/riscv_instr.sv:664,hw/ip/spatz/src/spatz_decoder.sv:278,always,0x57,100,011000?,*,*,*
99,VMSEQ_VI,011000???????????011?????1010111,0x60003057,0xFC00707F,hw/ip/snitch/src/riscv_instr.sv:740,hw/ip/spatz/src/spatz_decoder.sv:279,always,0x57,011,011000?,*,*,*
100,VMSNE_VV,011001???????????000?????1010111,0x64000057,0xFC00707F,hw/ip/snitch/src/riscv_instr.sv:706,hw/ip/spatz/src/spatz_decoder.sv:280,always,0x57,000,011001?,*,*,*
101,VMSNE_VX,011001???????????100?????1010111,0x64004057,0xFC00707F,hw/ip/snitch/src/riscv_instr.sv:665,hw/ip/spatz/src/spatz_decoder.sv:281,always,0x57,100,011001?,*,*,*
102,VMSNE_VI,011001???????????011?????1010111,0x64003057,0xFC00707F,hw/ip/snitch/src/riscv_instr.sv:741,hw/ip/spatz/src/spatz_decoder.sv:282,always,0x57,011,011001?,*,*,*
103,VMSLTU_VV,011010???????????000?????1010111,0x68000057,0xFC00707F,hw/ip/snitch/src/riscv_instr.sv:707,hw/ip/spatz/src/spatz_decoder.sv:283,always,0x57,000,011010?,*,*,*
104,VMSLTU_VX,011010???????????100?????1010111,0x68004057,0xFC00707F,hw/ip/snitch/src/riscv_instr.sv:666,hw/ip/spatz/src/spatz_decoder.sv:284,always,0x57,100,011010?,*,*,*
105,VMSLT_VV,011011???????????000?????1010111,0x6C000057,0xFC00707F,hw/ip/snitch/src/riscv_instr.sv:708,hw/ip/spatz/src/spatz_decoder.sv:285,always,0x57,000,011011?,*,*,*
106,VMSLT_VX,011011???????????100?????1010111,0x6C004057,0xFC00707F,hw/ip/snitch/src/riscv_instr.sv:667,hw/ip/spatz/src/spatz_decoder.sv:286,always,0x57,100,011011?,*,*,*
107,VMSLEU_VV,011100???????????000?????1010111,0x70000057,0xFC00707F,hw/ip/snitch/src/riscv_instr.sv:709,hw/ip/spatz/src/spatz_decoder.sv:287,always,0x57,000,011100?,*,*,*
108,VMSLEU_VX,011100???????????100?????1010111,0x70004057,0xFC00707F,hw/ip/snitch/src/riscv_instr.sv:668,hw/ip/spatz/src/spatz_decoder.sv:288,always,0x57,100,011100?,*,*,*
109,VMSLEU_VI,011100???????????011?????1010111,0x70003057,0xFC00707F,hw/ip/snitch/src/riscv_instr.sv:742,hw/ip/spatz/src/spatz_decoder.sv:289,always,0x57,011,011100?,*,*,*
110,VMSLE_VV,011101???????????000?????1010111,0x74000057,0xFC00707F,hw/ip/snitch/src/riscv_instr.sv:710,hw/ip/spatz/src/spatz_decoder.sv:290,always,0x57,000,011101?,*,*,*
111,VMSLE_VX,011101???????????100?????1010111,0x74004057,0xFC00707F,hw/ip/snitch/src/riscv_instr.sv:669,hw/ip/spatz/src/spatz_decoder.sv:291,always,0x57,100,011101?,*,*,*
112,VMSLE_VI,011101???????????011?????1010111,0x74003057,0xFC00707F,hw/ip/snitch/src/riscv_instr.sv:743,hw/ip/spatz/src/spatz_decoder.sv:292,always,0x57,011,011101?,*,*,*
113,VMSGTU_VX,011110???????????100?????1010111,0x78004057,0xFC00707F,hw/ip/snitch/src/riscv_instr.sv:670,hw/ip/spatz/src/spatz_decoder.sv:293,always,0x57,100,011110?,*,*,*
114,VMSGTU_VI,011110???????????011?????1010111,0x78003057,0xFC00707F,hw/ip/snitch/src/riscv_instr.sv:744,hw/ip/spatz/src/spatz_decoder.sv:294,always,0x57,011,011110?,*,*,*
115,VMSGT_VX,011111???????????100?????1010111,0x7C004057,0xFC00707F,hw/ip/snitch/src/riscv_instr.sv:671,hw/ip/spatz/src/spatz_decoder.sv:295,always,0x57,100,011111?,*,*,*
116,VMSGT_VI,011111???????????011?????1010111,0x7C003057,0xFC00707F,hw/ip/snitch/src/riscv_instr.sv:745,hw/ip/spatz/src/spatz_decoder.sv:296,always,0x57,011,011111?,*,*,*
117,VMUL_VV,100101???????????010?????1010111,0x94002057,0xFC00707F,hw/ip/snitch/src/riscv_instr.sv:801,hw/ip/spatz/src/spatz_decoder.sv:297,always,0x57,010,100101?,*,*,*
118,VMUL_VX,100101???????????110?????1010111,0x94006057,0xFC00707F,hw/ip/snitch/src/riscv_instr.sv:834,hw/ip/spatz/src/spatz_decoder.sv:298,always,0x57,110,100101?,*,*,*
119,VMULH_VV,100111???????????010?????1010111,0x9C002057,0xFC00707F,hw/ip/snitch/src/riscv_instr.sv:803,hw/ip/spatz/src/spatz_decoder.sv:299,always,0x57,010,100111?,*,*,*
120,VMULH_VX,100111???????????110?????1010111,0x9C006057,0xFC00707F,hw/ip/snitch/src/riscv_instr.sv:836,hw/ip/spatz/src/spatz_decoder.sv:300,always,0x57,110,100111?,*,*,*
121,VMULHU_VV,100100???????????010?????1010111,0x90002057,0xFC00707F,hw/ip/snitch/src/riscv_instr.sv:800,hw/ip/spatz/src/spatz_decoder.sv:301,always,0x57,010,100100?,*,*,*
122,VMULHU_VX,100100???????????110?????1010111,0x90006057,0xFC00707F,hw/ip/snitch/src/riscv_instr.sv:833,hw/ip/spatz/src/spatz_decoder.sv:302,always,0x57,110,100100?,*,*,*
123,VMULHSU_VV,100110???????????010?????1010111,0x98002057,0xFC00707F,hw/ip/snitch/src/riscv_instr.sv:802,hw/ip/spatz/src/spatz_decoder.sv:303,always,0x57,010,100110?,*,*,*
124,VMULHSU_VX,100110???????????110?????1010111,0x98006057,0xFC00707F,hw/ip/snitch/src/riscv_instr.sv:835,hw/ip/spatz/src/spatz_decoder.sv:304,always,0x57,110,100110?,*,*,*
125,VWMUL_VV,111011???????????010?????1010111,0xEC002057,0xFC00707F,hw/ip/snitch/src/riscv_instr.sv:818,hw/ip/spatz/src/spatz_decoder.sv:305,always,0x57,010,111011?,*,*,*
126,VWMUL_VX,111011???????????110?????1010111,0xEC006057,0xFC00707F,hw/ip/snitch/src/riscv_instr.sv:851,hw/ip/spatz/src/spatz_decoder.sv:306,always,0x57,110,111011?,*,*,*
127,VWMULU_VV,111000???????????010?????1010111,0xE0002057,0xFC00707F,hw/ip/snitch/src/riscv_instr.sv:816,hw/ip/spatz/src/spatz_decoder.sv:307,always,0x57,010,111000?,*,*,*
128,VWMULU_VX,111000???????????110?????1010111,0xE0006057,0xFC00707F,hw/ip/snitch/src/riscv_instr.sv:849,hw/ip/spatz/src/spatz_decoder.sv:308,always,0x57,110,111000?,*,*,*
129,VWMULSU_VV,111010???????????010?????1010111,0xE8002057,0xFC00707F,hw/ip/snitch/src/riscv_instr.sv:817,hw/ip/spatz/src/spatz_decoder.sv:309,always,0x57,010,111010?,*,*,*
130,VWMULSU_VX,111010???????????110?????1010111,0xE8006057,0xFC00707F,hw/ip/snitch/src/riscv_instr.sv:850,hw/ip/spatz/src/spatz_decoder.sv:310,always,0x57,110,111010?,*,*,*
131,VDIVU_VV,100000???????????010?????1010111,0x80002057,0xFC00707F,hw/ip/snitch/src/riscv_instr.sv:796,hw/ip/spatz/src/spatz_decoder.sv:311,always,0x57,010,100000?,*,*,*
132,VDIVU_VX,100000???????????110?????1010111,0x80006057,0xFC00707F,hw/ip/snitch/src/riscv_instr.sv:829,hw/ip/spatz/src/spatz_decoder.sv:312,always,0x57,110,100000?,*,*,*
133,VDIV_VV,100001???????????010?????1010111,0x84002057,0xFC00707F,hw/ip/snitch/src/riscv_instr.sv:797,hw/ip/spatz/src/spatz_decoder.sv:313,always,0x57,010,100001?,*,*,*
134,VDIV_VX,100001???????????110?????1010111,0x84006057,0xFC00707F,hw/ip/snitch/src/riscv_instr.sv:830,hw/ip/spatz/src/spatz_decoder.sv:314,always,0x57,110,100001?,*,*,*
135,VREMU_VV,100010???????????010?????1010111,0x88002057,0xFC00707F,hw/ip/snitch/src/riscv_instr.sv:798,hw/ip/spatz/src/spatz_decoder.sv:315,always,0x57,010,100010?,*,*,*
136,VREMU_VX,100010???????????110?????1010111,0x88006057,0xFC00707F,hw/ip/snitch/src/riscv_instr.sv:831,hw/ip/spatz/src/spatz_decoder.sv:316,always,0x57,110,100010?,*,*,*
137,VREM_VV,100011???????????010?????1010111,0x8C002057,0xFC00707F,hw/ip/snitch/src/riscv_instr.sv:799,hw/ip/spatz/src/spatz_decoder.sv:317,always,0x57,010,100011?,*,*,*
138,VREM_VX,100011???????????110?????1010111,0x8C006057,0xFC00707F,hw/ip/snitch/src/riscv_instr.sv:832,hw/ip/spatz/src/spatz_decoder.sv:318,always,0x57,110,100011?,*,*,*
139,VMACC_VV,101101???????????010?????1010111,0xB4002057,0xFC00707F,hw/ip/snitch/src/riscv_instr.sv:806,hw/ip/spatz/src/spatz_decoder.sv:319,always,0x57,010,101101?,*,*,*
140,VMACC_VX,101101???????????110?????1010111,0xB4006057,0xFC00707F,hw/ip/snitch/src/riscv_instr.sv:839,hw/ip/spatz/src/spatz_decoder.sv:320,always,0x57,110,101101?,*,*,*
141,VNMSAC_VV,101111???????????010?????1010111,0xBC002057,0xFC00707F,hw/ip/snitch/src/riscv_instr.sv:807,hw/ip/spatz/src/spatz_decoder.sv:321,always,0x57,010,101111?,*,*,*
142,VNMSAC_VX,101111???????????110?????1010111,0xBC006057,0xFC00707F,hw/ip/snitch/src/riscv_instr.sv:840,hw/ip/spatz/src/spatz_decoder.sv:322,always,0x57,110,101111?,*,*,*
143,VMADD_VV,101001???????????010?????1010111,0xA4002057,0xFC00707F,hw/ip/snitch/src/riscv_instr.sv:804,hw/ip/spatz/src/spatz_decoder.sv:323,always,0x57,010,101001?,*,*,*
144,VMADD_VX,101001???????????110?????1010111,0xA4006057,0xFC00707F,hw/ip/snitch/src/riscv_instr.sv:837,hw/ip/spatz/src/spatz_decoder.sv:324,always,0x57,110,101001?,*,*,*
145,VNMSUB_VV,101011???????????010?????1010111,0xAC002057,0xFC00707F,hw/ip/snitch/src/riscv_instr.sv:805,hw/ip/spatz/src/spatz_decoder.sv:325,always,0x57,010,101011?,*,*,*
146,VNMSUB_VX,101011???????????110?????1010111,0xAC006057,0xFC00707F,hw/ip/snitch/src/riscv_instr.sv:838,hw/ip/spatz/src/spatz_decoder.sv:326,always,0x57,110,101011?,*,*,*
147,VWMACC_VV,111101???????????010?????1010111,0xF4002057,0xFC00707F,hw/ip/snitch/src/riscv_instr.sv:820,hw/ip/spatz/src/spatz_decoder.sv:327,always,0x57,010,111101?,*,*,*
148,VWMACC_VX,111101???????????110?????1010111,0xF4006057,0xFC00707F,hw/ip/snitch/src/riscv_instr.sv:853,hw/ip/spatz/src/spatz_decoder.sv:328,always,0x57,110,111101?,*,*,*
149,VWMACCU_VV,111100???????????010?????1010111,0xF0002057,0xFC00707F,hw/ip/snitch/src/riscv_instr.sv:819,hw/ip/spatz/src/spatz_decoder.sv:329,always,0x57,010,111100?,*,*,*
150,VWMACCU_VX,111100???????????110?????1010111,0xF0006057,0xFC00707F,hw/ip/snitch/src/riscv_instr.sv:852,hw/ip/spatz/src/spatz_decoder.sv:330,always,0x57,110,111100?,*,*,*
151,VWMACCSU_VV,111111???????????010?????1010111,0xFC002057,0xFC00707F,hw/ip/snitch/src/riscv_instr.sv:821,hw/ip/spatz/src/spatz_decoder.sv:331,always,0x57,010,111111?,*,*,*
152,VWMACCSU_VX,111111???????????110?????1010111,0xFC006057,0xFC00707F,hw/ip/snitch/src/riscv_instr.sv:855,hw/ip/spatz/src/spatz_decoder.sv:332,always,0x57,110,111111?,*,*,*
153,VWMACCUS_VX,111110???????????110?????1010111,0xF8006057,0xFC00707F,hw/ip/snitch/src/riscv_instr.sv:854,hw/ip/spatz/src/spatz_decoder.sv:333,always,0x57,110,111110?,*,*,*
154,VMERGE_VVM,0101110??????????000?????1010111,0x5C000057,0xFE00707F,hw/ip/snitch/src/riscv_instr.sv:703,hw/ip/spatz/src/spatz_decoder.sv:334,always,0x57,000,0101110,*,*,*
155,VMERGE_VXM,0101110??????????100?????1010111,0x5C004057,0xFE00707F,hw/ip/snitch/src/riscv_instr.sv:662,hw/ip/spatz/src/spatz_decoder.sv:335,always,0x57,100,0101110,*,*,*
156,VMERGE_VIM,0101110??????????011?????1010111,0x5C003057,0xFE00707F,hw/ip/snitch/src/riscv_instr.sv:738,hw/ip/spatz/src/spatz_decoder.sv:336,always,0x57,011,0101110,*,*,*
157,VMV_V_V,010111100000?????000?????1010111,0x5E000057,0xFFF0707F,hw/ip/snitch/src/riscv_instr.sv:704,hw/ip/spatz/src/spatz_decoder.sv:337,always,0x57,000,0101111,*,*,00000
158,VMV_V_X,010111100000?????100?????1010111,0x5E004057,0xFFF0707F,hw/ip/snitch/src/riscv_instr.sv:663,hw/ip/spatz/src/spatz_decoder.sv:338,always,0x57,100,0101111,*,*,00000
159,VMV_V_I,010111100000?????011?????1010111,0x5E003057,0xFFF0707F,hw/ip/snitch/src/riscv_instr.sv:739,hw/ip/spatz/src/spatz_decoder.sv:339,always,0x57,011,0101111,*,*,00000
160,VMV_S_X,010000100000?????110?????1010111,0x42006057,0xFFF0707F,hw/ip/snitch/src/riscv_instr.sv:826,hw/ip/spatz/src/spatz_decoder.sv:340,always,0x57,110,0100001,*,*,00000
161,VSLIDEUP_VX,001110???????????100?????1010111,0x38004057,0xFC00707F,hw/ip/snitch/src/riscv_instr.sv:654,hw/ip/spatz/src/spatz_decoder.sv:341,always,0x57,100,001110?,*,*,*
162,VSLIDEUP_VI,001110???????????011?????1010111,0x38003057,0xFC00707F,hw/ip/snitch/src/riscv_instr.sv:733,hw/ip/spatz/src/spatz_decoder.sv:342,always,0x57,011,001110?,*,*,*
163,VSLIDE1UP_VX,001110???????????110?????1010111,0x38006057,0xFC00707F,hw/ip/snitch/src/riscv_instr.sv:827,hw/ip/spatz/src/spatz_decoder.sv:343,always,0x57,110,001110?,*,*,*
164,VSLIDEDOWN_VX,001111???????????100?????1010111,0x3C004057,0xFC00707F,hw/ip/snitch/src/riscv_instr.sv:655,hw/ip/spatz/src/spatz_decoder.sv:344,always,0x57,100,001111?,*,*,*
165,VSLIDEDOWN_VI,001111???????????011?????1010111,0x3C003057,0xFC00707F,hw/ip/snitch/src/riscv_instr.sv:734,hw/ip/spatz/src/spatz_decoder.sv:345,always,0x57,011,001111?,*,*,*
166,VSLIDE1DOWN_VX,001111???????????110?????1010111,0x3C006057,0xFC00707F,hw/ip/snitch/src/riscv_instr.sv:828,hw/ip/spatz/src/spatz_decoder.sv:346,always,0x57,110,001111?,*,*,*
167,VMV_X_S,0100001?????00000010?????1010111,0x42002057,0xFE0FF07F,hw/ip/snitch/src/riscv_instr.sv:773,hw/ip/spatz/src/spatz_decoder.sv:835,always,0x57,010,0100001,*,00000,*
168,VFADD_VV,000000???????????001?????1010111,0x00001057,0xFC00707F,hw/ip/snitch/src/riscv_instr.sv:580,hw/ip/spatz/src/spatz_decoder.sv:849,always,0x57,001,000000?,*,*,*
169,VFADD_VF,000000???????????101?????1010111,0x00005057,0xFC00707F,hw/ip/snitch/src/riscv_instr.sv:540,hw/ip/spatz/src/spatz_decoder.sv:850,always,0x57,101,000000?,*,*,*
170,VFSUB_VV,000010???????????001?????1010111,0x08001057,0xFC00707F,hw/ip/snitch/src/riscv_instr.sv:582,hw/ip/spatz/src/spatz_decoder.sv:851,always,0x57,001,000010?,*,*,*
171,VFSUB_VF,000010???????????101?????1010111,0x08005057,0xFC00707F,hw/ip/snitch/src/riscv_instr.sv:541,hw/ip/spatz/src/spatz_decoder.sv:852,always,0x57,101,000010?,*,*,*
172,VFRSUB_VF,100111???????????101?????1010111,0x9C005057,0xFC00707F,hw/ip/snitch/src/riscv_instr.sv:561,hw/ip/spatz/src/spatz_decoder.sv:853,always,0x57,101,100111?,*,*,*
173,VFMIN_VV,000100???????????001?????1010111,0x10001057,0xFC00707F,hw/ip/snitch/src/riscv_instr.sv:584,hw/ip/spatz/src/spatz_decoder.sv:854,always,0x57,001,000100?,*,*,*
174,VFMIN_VF,000100???????????101?????1010111,0x10005057,0xFC00707F,hw/ip/snitch/src/riscv_instr.sv:542,hw/ip/spatz/src/spatz_decoder.sv:855,always,0x57,101,000100?,*,*,*
175,VFMAX_VV,000110???????????001?????1010111,0x18001057,0xFC00707F,hw/ip/snitch/src/riscv_instr.sv:586,hw/ip/spatz/src/spatz_decoder.sv:856,always,0x57,001,000110?,*,*,*
176,VFMAX_VF,000110???????????101?????1010111,0x18005057,0xFC00707F,hw/ip/snitch/src/riscv_instr.sv:543,hw/ip/spatz/src/spatz_decoder.sv:857,always,0x57,101,000110?,*,*,*
177,VFSGNJ_VV,001000???????????001?????1010111,0x20001057,0xFC00707F,hw/ip/snitch/src/riscv_instr.sv:588,hw/ip/spatz/src/spatz_decoder.sv:858,always,0x57,001,001000?,*,*,*
178,VFSGNJ_VF,001000???????????101?????1010111,0x20005057,0xFC00707F,hw/ip/snitch/src/riscv_instr.sv:544,hw/ip/spatz/src/spatz_decoder.sv:859,always,0x57,101,001000?,*,*,*
179,VFSGNJN_VV,001001???????????001?????1010111,0x24001057,0xFC00707F,hw/ip/snitch/src/riscv_instr.sv:589,hw/ip/spatz/src/spatz_decoder.sv:860,always,0x57,001,001001?,*,*,*
180,VFSGNJN_VF,001001???????????101?????1010111,0x24005057,0xFC00707F,hw/ip/snitch/src/riscv_instr.sv:545,hw/ip/spatz/src/spatz_decoder.sv:861,always,0x57,101,001001?,*,*,*
181,VFSGNJX_VV,001010???????????001?????1010111,0x28001057,0xFC00707F,hw/ip/snitch/src/riscv_instr.sv:590,hw/ip/spatz/src/spatz_decoder.sv:862,always,0x57,001,001010?,*,*,*
182,VFSGNJX_VF,001010???????????101?????1010111,0x28005057,0xFC00707F,hw/ip/snitch/src/riscv_instr.sv:546,hw/ip/spatz/src/spatz_decoder.sv:863,always,0x57,101,001010?,*,*,*
183,VFMUL_VV,100100???????????001?????1010111,0x90001057,0xFC00707F,hw/ip/snitch/src/riscv_instr.sv:597,hw/ip/spatz/src/spatz_decoder.sv:864,always,0x57,001,100100?,*,*,*
184,VFMUL_VF,100100???????????101?????1010111,0x90005057,0xFC00707F,hw/ip/snitch/src/riscv_instr.sv:560,hw/ip/spatz/src/spatz_decoder.sv:865,always,0x57,101,100100?,*,*,*
185,VFMADD_VV,101000???????????001?????1010111,0xA0001057,0xFC00707F,hw/ip/snitch/src/riscv_instr.sv:598,hw/ip/spatz/src/spatz_decoder.sv:866,always,0x57,001,101000?,*,*,*
186,VFMADD_VF,101000???????????101?????1010111,0xA0005057,0xFC00707F,hw/ip/snitch/src/riscv_instr.sv:562,hw/ip/spatz/src/spatz_decoder.sv:867,always,0x57,101,101000?,*,*,*
187,VFNMADD_VV,101001???????????001?????1010111,0xA4001057,0xFC00707F,hw/ip/snitch/src/riscv_instr.sv:599,hw/ip/spatz/src/spatz_decoder.sv:868,always,0x57,001,101001?,*,*,*
188,VFNMADD_VF,101001???????????101?????1010111,0xA4005057,0xFC00707F,hw/ip/snitch/src/riscv_instr.sv:563,hw/ip/spatz/src/spatz_decoder.sv:869,always,0x57,101,101001?,*,*,*
189,VFMSUB_VV,101010???????????001?????1010111,0xA8001057,0xFC00707F,hw/ip/snitch/src/riscv_instr.sv:600,hw/ip/spatz/src/spatz_decoder.sv:870,always,0x57,001,101010?,*,*,*
190,VFMSUB_VF,101010???????????101?????1010111,0xA8005057,0xFC00707F,hw/ip/snitch/src/riscv_instr.sv:564,hw/ip/spatz/src/spatz_decoder.sv:871,always,0x57,101,101010?,*,*,*
191,VFNMSUB_VV,101011???????????001?????1010111,0xAC001057,0xFC00707F,hw/ip/snitch/src/riscv_instr.sv:601,hw/ip/spatz/src/spatz_decoder.sv:872,always,0x57,001,101011?,*,*,*
192,VFNMSUB_VF,101011???????????101?????1010111,0xAC005057,0xFC00707F,hw/ip/snitch/src/riscv_instr.sv:565,hw/ip/spatz/src/spatz_decoder.sv:873,always,0x57,101,101011?,*,*,*
193,VFMACC_VV,101100???????????001?????1010111,0xB0001057,0xFC00707F,hw/ip/snitch/src/riscv_instr.sv:602,hw/ip/spatz/src/spatz_decoder.sv:874,always,0x57,001,101100?,*,*,*
194,VFMACC_VF,101100???????????101?????1010111,0xB0005057,0xFC00707F,hw/ip/snitch/src/riscv_instr.sv:566,hw/ip/spatz/src/spatz_decoder.sv:875,always,0x57,101,101100?,*,*,*
195,VFNMACC_VV,101101???????????001?????1010111,0xB4001057,0xFC00707F,hw/ip/snitch/src/riscv_instr.sv:603,hw/ip/spatz/src/spatz_decoder.sv:876,always,0x57,001,101101?,*,*,*
196,VFNMACC_VF,101101???????????101?????1010111,0xB4005057,0xFC00707F,hw/ip/snitch/src/riscv_instr.sv:567,hw/ip/spatz/src/spatz_decoder.sv:877,always,0x57,101,101101?,*,*,*
197,VFMSAC_VV,101110???????????001?????1010111,0xB8001057,0xFC00707F,hw/ip/snitch/src/riscv_instr.sv:604,hw/ip/spatz/src/spatz_decoder.sv:878,always,0x57,001,101110?,*,*,*
198,VFMSAC_VF,101110???????????101?????1010111,0xB8005057,0xFC00707F,hw/ip/snitch/src/riscv_instr.sv:568,hw/ip/spatz/src/spatz_decoder.sv:879,always,0x57,101,101110?,*,*,*
199,VFNMSAC_VV,101111???????????001?????1010111,0xBC001057,0xFC00707F,hw/ip/snitch/src/riscv_instr.sv:605,hw/ip/spatz/src/spatz_decoder.sv:880,always,0x57,001,101111?,*,*,*
200,VFNMSAC_VF,101111???????????101?????1010111,0xBC005057,0xFC00707F,hw/ip/snitch/src/riscv_instr.sv:569,hw/ip/spatz/src/spatz_decoder.sv:881,always,0x57,101,101111?,*,*,*
201,VFREDOSUM_VS,000011???????????001?????1010111,0x0C001057,0xFC00707F,hw/ip/snitch/src/riscv_instr.sv:583,hw/ip/spatz/src/spatz_decoder.sv:882,always,0x57,001,000011?,*,*,*
202,VFREDUSUM_VS,000001???????????001?????1010111,0x04001057,0xFC00707F,hw/ip/snitch/src/riscv_instr.sv:581,hw/ip/spatz/src/spatz_decoder.sv:883,always,0x57,001,000001?,*,*,*
203,VFREDMAX_VS,000111???????????001?????1010111,0x1C001057,0xFC00707F,hw/ip/snitch/src/riscv_instr.sv:587,hw/ip/spatz/src/spatz_decoder.sv:884,always,0x57,001,000111?,*,*,*
204,VFREDMIN_VS,000101???????????001?????1010111,0x14001057,0xFC00707F,hw/ip/snitch/src/riscv_instr.sv:585,hw/ip/spatz/src/spatz_decoder.sv:885,always,0x57,001,000101?,*,*,*
205,VFCVT_F_X_V,010010??????00011001?????1010111,0x48019057,0xFC0FF07F,hw/ip/snitch/src/riscv_instr.sv:609,hw/ip/spatz/src/spatz_decoder.sv:886,always,0x57,001,010010?,*,00011,*
206,VFCVT_F_XU_V,010010??????00010001?????1010111,0x48011057,0xFC0FF07F,hw/ip/snitch/src/riscv_instr.sv:608,hw/ip/spatz/src/spatz_decoder.sv:887,always,0x57,001,010010?,*,00010,*
207,VFCVT_X_F_V,010010??????00001001?????1010111,0x48009057,0xFC0FF07F,hw/ip/snitch/src/riscv_instr.sv:607,hw/ip/spatz/src/spatz_decoder.sv:888,always,0x57,001,010010?,*,00001,*
208,VFCVT_XU_F_V,010010??????00000001?????1010111,0x48001057,0xFC0FF07F,hw/ip/snitch/src/riscv_instr.sv:606,hw/ip/spatz/src/spatz_decoder.sv:889,always,0x57,001,010010?,*,00000,*
209,VFCVT_RTZ_X_F_V,010010??????00111001?????1010111,0x48039057,0xFC0FF07F,hw/ip/snitch/src/riscv_instr.sv:611,hw/ip/spatz/src/spatz_decoder.sv:890,always,0x57,001,010010?,*,00111,*
210,VFCVT_RTZ_XU_F_V,010010??????00110001?????1010111,0x48031057,0xFC0FF07F,hw/ip/snitch/src/riscv_instr.sv:610,hw/ip/spatz/src/spatz_decoder.sv:891,always,0x57,001,010010?,*,00110,*
211,VFNCVT_XU_F_W,010010??????10000001?????1010111,0x48081057,0xFC0FF07F,hw/ip/snitch/src/riscv_instr.sv:619,hw/ip/spatz/src/spatz_decoder.sv:892,always,0x57,001,010010?,*,10000,*
212,VFNCVT_X_F_W,010010??????10001001?????1010111,0x48089057,0xFC0FF07F,hw/ip/snitch/src/riscv_instr.sv:620,hw/ip/spatz/src/spatz_decoder.sv:893,always,0x57,001,010010?,*,10001,*
213,VFNCVT_RTZ_XU_F_W,010010??????10110001?????1010111,0x480B1057,0xFC0FF07F,hw/ip/snitch/src/riscv_instr.sv:625,hw/ip/spatz/src/spatz_decoder.sv:894,always,0x57,001,010010?,*,10110,*
214,VFNCVT_RTZ_X_F_W,010010??????10111001?????1010111,0x480B9057,0xFC0FF07F,hw/ip/snitch/src/riscv_instr.sv:626,hw/ip/spatz/src/spatz_decoder.sv:895,always,0x57,001,010010?,*,10111,*
215,VFNCVT_F_XU_W,010010??????10010001?????1010111,0x48091057,0xFC0FF07F,hw/ip/snitch/src/riscv_instr.sv:621,hw/ip/spatz/src/spatz_decoder.sv:896,always,0x57,001,010010?,*,10010,*
216,VFNCVT_F_X_W,010010??????10011001?????1010111,0x48099057,0xFC0FF07F,hw/ip/snitch/src/riscv_instr.sv:622,hw/ip/spatz/src/spatz_decoder.sv:897,always,0x57,001,010010?,*,10011,*
217,VFNCVT_F_F_W,010010??????10100001?????1010111,0x480A1057,0xFC0FF07F,hw/ip/snitch/src/riscv_instr.sv:623,hw/ip/spatz/src/spatz_decoder.sv:898,always,0x57,001,010010?,*,10100,*
218,VFMV_V_F,010111100000?????101?????1010111,0x5E005057,0xFFF0707F,hw/ip/snitch/src/riscv_instr.sv:551,hw/ip/spatz/src/spatz_decoder.sv:899,always,0x57,101,0101111,*,*,00000
219,VFMV_S_F,010000100000?????101?????1010111,0x42005057,0xFFF0707F,hw/ip/snitch/src/riscv_instr.sv:549,hw/ip/spatz/src/spatz_decoder.sv:900,always,0x57,101,0100001,*,*,00000
220,VFWADD_VV,110000???????????001?????1010111,0xC0001057,0xFC00707F,hw/ip/snitch/src/riscv_instr.sv:631,hw/ip/spatz/src/spatz_decoder.sv:901,always,0x57,001,110000?,*,*,*
221,VFWADD_WV,110100???????????001?????1010111,0xD0001057,0xFC00707F,hw/ip/snitch/src/riscv_instr.sv:635,hw/ip/spatz/src/spatz_decoder.sv:902,always,0x57,001,110100?,*,*,*
222,VFWADD_VF,110000???????????101?????1010111,0xC0005057,0xFC00707F,hw/ip/snitch/src/riscv_instr.sv:570,hw/ip/spatz/src/spatz_decoder.sv:903,always,0x57,101,110000?,*,*,*
223,VFWADD_WF,110100???????????101?????1010111,0xD0005057,0xFC00707F,hw/ip/snitch/src/riscv_instr.sv:572,hw/ip/spatz/src/spatz_decoder.sv:904,always,0x57,101,110100?,*,*,*
224,VFWSUB_VV,110010???????????001?????1010111,0xC8001057,0xFC00707F,hw/ip/snitch/src/riscv_instr.sv:633,hw/ip/spatz/src/spatz_decoder.sv:905,always,0x57,001,110010?,*,*,*
225,VFWSUB_WV,110110???????????001?????1010111,0xD8001057,0xFC00707F,hw/ip/snitch/src/riscv_instr.sv:636,hw/ip/spatz/src/spatz_decoder.sv:906,always,0x57,001,110110?,*,*,*
226,VFWSUB_VF,110010???????????101?????1010111,0xC8005057,0xFC00707F,hw/ip/snitch/src/riscv_instr.sv:571,hw/ip/spatz/src/spatz_decoder.sv:907,always,0x57,101,110010?,*,*,*
227,VFWSUB_WF,110110???????????101?????1010111,0xD8005057,0xFC00707F,hw/ip/snitch/src/riscv_instr.sv:573,hw/ip/spatz/src/spatz_decoder.sv:908,always,0x57,101,110110?,*,*,*
228,VFWMUL_VV,111000???????????001?????1010111,0xE0001057,0xFC00707F,hw/ip/snitch/src/riscv_instr.sv:637,hw/ip/spatz/src/spatz_decoder.sv:909,always,0x57,001,111000?,*,*,*
229,VFWMUL_VF,111000???????????101?????1010111,0xE0005057,0xFC00707F,hw/ip/snitch/src/riscv_instr.sv:574,hw/ip/spatz/src/spatz_decoder.sv:910,always,0x57,101,111000?,*,*,*
230,VFWDOTP_VV,111011???????????001?????1010111,0xEC001057,0xFC00707F,hw/ip/snitch/src/riscv_instr.sv:638,hw/ip/spatz/src/spatz_decoder.sv:911,always,0x57,001,111011?,*,*,*
231,VFWDOTP_VF,111011???????????101?????1010111,0xEC005057,0xFC00707F,hw/ip/snitch/src/riscv_instr.sv:575,hw/ip/spatz/src/spatz_decoder.sv:912,always,0x57,101,111011?,*,*,*
232,VFWMACC_VV,111100???????????001?????1010111,0xF0001057,0xFC00707F,hw/ip/snitch/src/riscv_instr.sv:639,hw/ip/spatz/src/spatz_decoder.sv:913,always,0x57,001,111100?,*,*,*
233,VFWMACC_VF,111100???????????101?????1010111,0xF0005057,0xFC00707F,hw/ip/snitch/src/riscv_instr.sv:576,hw/ip/spatz/src/spatz_decoder.sv:914,always,0x57,101,111100?,*,*,*
234,VFWNMACC_VV,111101???????????001?????1010111,0xF4001057,0xFC00707F,hw/ip/snitch/src/riscv_instr.sv:640,hw/ip/spatz/src/spatz_decoder.sv:915,always,0x57,001,111101?,*,*,*
235,VFWNMACC_VF,111101???????????101?????1010111,0xF4005057,0xFC00707F,hw/ip/snitch/src/riscv_instr.sv:577,hw/ip/spatz/src/spatz_decoder.sv:916,always,0x57,101,111101?,*,*,*
236,VFWMSAC_VV,111110???????????001?????1010111,0xF8001057,0xFC00707F,hw/ip/snitch/src/riscv_instr.sv:641,hw/ip/spatz/src/spatz_decoder.sv:917,always,0x57,001,111110?,*,*,*
237,VFWMSAC_VF,111110???????????101?????1010111,0xF8005057,0xFC00707F,hw/ip/snitch/src/riscv_instr.sv:578,hw/ip/spatz/src/spatz_decoder.sv:918,always,0x57,101,111110?,*,*,*
238,VFWNMSAC_VV,111111???????????001?????1010111,0xFC001057,0xFC00707F,hw/ip/snitch/src/riscv_instr.sv:642,hw/ip/spatz/src/spatz_decoder.sv:919,always,0x57,001,111111?,*,*,*
239,VFWNMSAC_VF,111111???????????101?????1010111,0xFC005057,0xFC00707F,hw/ip/snitch/src/riscv_instr.sv:579,hw/ip/spatz/src/spatz_decoder.sv:920,always,0x57,101,111111?,*,*,*
240,VFSLIDE1UP_VF,001110???????????101?????1010111,0x38005057,0xFC00707F,hw/ip/snitch/src/riscv_instr.sv:547,hw/ip/spatz/src/spatz_decoder.sv:921,always,0x57,101,001110?,*,*,*
241,VFSLIDE1DOWN_VF,001111???????????101?????1010111,0x3C005057,0xFC00707F,hw/ip/snitch/src/riscv_instr.sv:548,hw/ip/spatz/src/spatz_decoder.sv:922,always,0x57,101,001111?,*,*,*
242,VFMV_F_S,0100001?????00000001?????1010111,0x42001057,0xFE0FF07F,hw/ip/snitch/src/riscv_instr.sv:591,hw/ip/spatz/src/spatz_decoder.sv:1213,always,0x57,001,0100001,*,00000,*
243,MUL,0000001??????????000?????0110011,0x02000033,0xFE00707F,hw/ip/snitch/src/riscv_instr.sv:320,hw/ip/spatz/src/spatz_decoder.sv:1231,always,0x33,000,0000001,*,*,*
244,MULH,0000001??????????001?????0110011,0x02001033,0xFE00707F,hw/ip/snitch/src/riscv_instr.sv:321,hw/ip/spatz/src/spatz_decoder.sv:1232,always,0x33,001,0000001,*,*,*
245,MULHU,0000001??????????011?????0110011,0x02003033,0xFE00707F,hw/ip/snitch/src/riscv_instr.sv:323,hw/ip/spatz/src/spatz_decoder.sv:1233,always,0x33,011,0000001,*,*,*
246,MULHSU,0000001??????????010?????0110011,0x02002033,0xFE00707F,hw/ip/snitch/src/riscv_instr.sv:322,hw/ip/spatz/src/spatz_decoder.sv:1234,always,0x33,010,0000001,*,*,*
247,DIV,0000001??????????100?????0110011,0x02004033,0xFE00707F,hw/ip/snitch/src/riscv_instr.sv:324,hw/ip/spatz/src/spatz_decoder.sv:1254,always,0x33,100,0000001,*,*,*
248,DIVU,0000001??????????101?????0110011,0x02005033,0xFE00707F,hw/ip/snitch/src/riscv_instr.sv:325,hw/ip/spatz/src/spatz_decoder.sv:1255,always,0x33,101,0000001,*,*,*
249,REM,0000001??????????110?????0110011,0x02006033,0xFE00707F,hw/ip/snitch/src/riscv_instr.sv:326,hw/ip/spatz/src/spatz_decoder.sv:1256,always,0x33,110,0000001,*,*,*
250,REMU,0000001??????????111?????0110011,0x02007033,0xFE00707F,hw/ip/snitch/src/riscv_instr.sv:327,hw/ip/spatz/src/spatz_decoder.sv:1257,always,0x33,111,0000001,*,*,*
251,FADD_B,0000011??????????????????1010011,0x06000053,0xFE00007F,hw/ip/snitch/src/riscv_instr.sv:975,hw/ip/spatz/src/spatz_decoder.sv:1277,always,0x53,*,0000011,*,*,*
252,FSUB_B,0000111??????????????????1010011,0x0E000053,0xFE00007F,hw/ip/snitch/src/riscv_instr.sv:976,hw/ip/spatz/src/spatz_decoder.sv:1278,always,0x53,*,0000111,*,*,*
253,FMUL_B,0001011??????????????????1010011,0x16000053,0xFE00007F,hw/ip/snitch/src/riscv_instr.sv:977,hw/ip/spatz/src/spatz_decoder.sv:1279,always,0x53,*,0001011,*,*,*
254,FSGNJ_B,0010011??????????000?????1010011,0x26000053,0xFE00707F,hw/ip/snitch/src/riscv_instr.sv:980,hw/ip/spatz/src/spatz_decoder.sv:1280,always,0x53,000,0010011,*,*,*
255,FSGNJN_B,0010011??????????001?????1010011,0x26001053,0xFE00707F,hw/ip/snitch/src/riscv_instr.sv:981,hw/ip/spatz/src/spatz_decoder.sv:1281,always,0x53,001,0010011,*,*,*
256,FSGNJX_B,0010011??????????010?????1010011,0x26002053,0xFE00707F,hw/ip/snitch/src/riscv_instr.sv:982,hw/ip/spatz/src/spatz_decoder.sv:1282,always,0x53,010,0010011,*,*,*
257,FMIN_B,0010111??????????000?????1010011,0x2E000053,0xFE00707F,hw/ip/snitch/src/riscv_instr.sv:983,hw/ip/spatz/src/spatz_decoder.sv:1283,always,0x53,000,0010111,*,*,*
258,FMAX_B,0010111??????????001?????1010011,0x2E001053,0xFE00707F,hw/ip/snitch/src/riscv_instr.sv:984,hw/ip/spatz/src/spatz_decoder.sv:1284,always,0x53,001,0010111,*,*,*
259,FCLASS_B,111001100000?????001?????1010011,0xE6001053,0xFFF0707F,hw/ip/snitch/src/riscv_instr.sv:993,hw/ip/spatz/src/spatz_decoder.sv:1285,always,0x53,001,1110011,*,*,00000
260,FLE_B,1010011??????????000?????1010011,0xA6000053,0xFE00707F,hw/ip/snitch/src/riscv_instr.sv:987,hw/ip/spatz/src/spatz_decoder.sv:1286,always,0x53,000,1010011,*,*,*
261,FLT_B,1010011??????????001?????1010011,0xA6001053,0xFE00707F,hw/ip/snitch/src/riscv_instr.sv:986,hw/ip/spatz/src/spatz_decoder.sv:1287,always,0x53,001,1010011,*,*,*
262,FEQ_B,1010011??????????010?????1010011,0xA6002053,0xFE00707F,hw/ip/snitch/src/riscv_instr.sv:985,hw/ip/spatz/src/spatz_decoder.sv:1288,always,0x53,010,1010011,*,*,*
263,FCVT_B_W,110101100000?????????????1010011,0xD6000053,0xFFF0007F,hw/ip/snitch/src/riscv_instr.sv:990,hw/ip/spatz/src/spatz_decoder.sv:1289,always,0x53,*,1101011,*,*,00000
264,FCVT_B_WU,110101100001?????????????1010011,0xD6100053,0xFFF0007F,hw/ip/snitch/src/riscv_instr.sv:991,hw/ip/spatz/src/spatz_decoder.sv:1290,always,0x53,*,1101011,*,*,00001
265,FCVT_W_B,110001100000?????????????1010011,0xC6000053,0xFFF0007F,hw/ip/snitch/src/riscv_instr.sv:988,hw/ip/spatz/src/spatz_decoder.sv:1291,always,0x53,*,1100011,*,*,00000
266,FCVT_WU_B,110001100001?????????????1010011,0xC6100053,0xFFF0007F,hw/ip/snitch/src/riscv_instr.sv:989,hw/ip/spatz/src/spatz_decoder.sv:1292,always,0x53,*,1100011,*,*,00001
267,FMADD_B,?????11??????????????????1000011,0x06000043,0x0600007F,hw/ip/snitch/src/riscv_instr.sv:971,hw/ip/spatz/src/spatz_decoder.sv:1293,always,0x43,*,?????11,*,*,*
268,FMSUB_B,?????11??????????????????1000111,0x06000047,0x0600007F,hw/ip/snitch/src/riscv_instr.sv:972,hw/ip/spatz/src/spatz_decoder.sv:1294,always,0x47,*,?????11,*,*,*
269,FNMSUB_B,?????11??????????????????1001011,0x0600004B,0x0600007F,hw/ip/snitch/src/riscv_instr.sv:973,hw/ip/spatz/src/spatz_decoder.sv:1295,always,0x4B,*,?????11,*,*,*
270,FNMADD_B,?????11??????????????????1001111,0x0600004F,0x0600007F,hw/ip/snitch/src/riscv_instr.sv:974,hw/ip/spatz/src/spatz_decoder.sv:1296,always,0x4F,*,?????11,*,*,*
271,FCVT_B_H,010001100010?????????????1010011,0x46200053,0xFFF0007F,hw/ip/snitch/src/riscv_instr.sv:1004,hw/ip/spatz/src/spatz_decoder.sv:1297,always,0x53,*,0100011,*,*,00010
272,FCVT_H_B,010001000011?????000?????1010011,0x44300053,0xFFF0707F,hw/ip/snitch/src/riscv_instr.sv:1003,hw/ip/spatz/src/spatz_decoder.sv:1298,always,0x53,000,0100010,*,*,00011
273,FADD_H,0000010??????????????????1010011,0x04000053,0xFE00007F,hw/ip/snitch/src/riscv_instr.sv:903,hw/ip/spatz/src/spatz_decoder.sv:1381,always,0x53,*,0000010,*,*,*
274,FSUB_H,0000110??????????????????1010011,0x0C000053,0xFE00007F,hw/ip/snitch/src/riscv_instr.sv:904,hw/ip/spatz/src/spatz_decoder.sv:1382,always,0x53,*,0000110,*,*,*
275,FMUL_H,0001010??????????????????1010011,0x14000053,0xFE00007F,hw/ip/snitch/src/riscv_instr.sv:905,hw/ip/spatz/src/spatz_decoder.sv:1383,always,0x53,*,0001010,*,*,*
276,FSGNJ_H,0010010??????????000?????1010011,0x24000053,0xFE00707F,hw/ip/snitch/src/riscv_instr.sv:908,hw/ip/spatz/src/spatz_decoder.sv:1384,always,0x53,000,0010010,*,*,*
277,FSGNJN_H,0010010??????????001?????1010011,0x24001053,0xFE00707F,hw/ip/snitch/src/riscv_instr.sv:909,hw/ip/spatz/src/spatz_decoder.sv:1385,always,0x53,001,0010010,*,*,*
278,FSGNJX_H,0010010??????????010?????1010011,0x24002053,0xFE00707F,hw/ip/snitch/src/riscv_instr.sv:910,hw/ip/spatz/src/spatz_decoder.sv:1386,always,0x53,010,0010010,*,*,*
279,FMIN_H,0010110??????????000?????1010011,0x2C000053,0xFE00707F,hw/ip/snitch/src/riscv_instr.sv:911,hw/ip/spatz/src/spatz_decoder.sv:1387,always,0x53,000,0010110,*,*,*
280,FMAX_H,0010110??????????001?????1010011,0x2C001053,0xFE00707F,hw/ip/snitch/src/riscv_instr.sv:912,hw/ip/spatz/src/spatz_decoder.sv:1388,always,0x53,001,0010110,*,*,*
281,FCLASS_H,111001000000?????001?????1010011,0xE4001053,0xFFF0707F,hw/ip/snitch/src/riscv_instr.sv:921,hw/ip/spatz/src/spatz_decoder.sv:1389,always,0x53,001,1110010,*,*,00000
282,FLE_H,1010010??????????000?????1010011,0xA4000053,0xFE00707F,hw/ip/snitch/src/riscv_instr.sv:915,hw/ip/spatz/src/spatz_decoder.sv:1390,always,0x53,000,1010010,*,*,*
283,FLT_H,1010010??????????001?????1010011,0xA4001053,0xFE00707F,hw/ip/snitch/src/riscv_instr.sv:914,hw/ip/spatz/src/spatz_decoder.sv:1391,always,0x53,001,1010010,*,*,*
284,FEQ_H,1010010??????????010?????1010011,0xA4002053,0xFE00707F,hw/ip/snitch/src/riscv_instr.sv:913,hw/ip/spatz/src/spatz_decoder.sv:1392,always,0x53,010,1010010,*,*,*
285,FCVT_H_W,110101000000?????????????1010011,0xD4000053,0xFFF0007F,hw/ip/snitch/src/riscv_instr.sv:918,hw/ip/spatz/src/spatz_decoder.sv:1393,always,0x53,*,1101010,*,*,00000
286,FCVT_H_WU,110101000001?????????????1010011,0xD4100053,0xFFF0007F,hw/ip/snitch/src/riscv_instr.sv:919,hw/ip/spatz/src/spatz_decoder.sv:1394,always,0x53,*,1101010,*,*,00001
287,FCVT_W_H,110001000000?????????????1010011,0xC4000053,0xFFF0007F,hw/ip/snitch/src/riscv_instr.sv:916,hw/ip/spatz/src/spatz_decoder.sv:1395,always,0x53,*,1100010,*,*,00000
288,FCVT_WU_H,110001000001?????????????1010011,0xC4100053,0xFFF0007F,hw/ip/snitch/src/riscv_instr.sv:917,hw/ip/spatz/src/spatz_decoder.sv:1396,always,0x53,*,1100010,*,*,00001
289,FMADD_H,?????10??????????????????1000011,0x04000043,0x0600007F,hw/ip/snitch/src/riscv_instr.sv:899,hw/ip/spatz/src/spatz_decoder.sv:1397,always,0x43,*,?????10,*,*,*
290,FMSUB_H,?????10??????????????????1000111,0x04000047,0x0600007F,hw/ip/snitch/src/riscv_instr.sv:900,hw/ip/spatz/src/spatz_decoder.sv:1398,always,0x47,*,?????10,*,*,*
291,FNMSUB_H,?????10??????????????????1001011,0x0400004B,0x0600007F,hw/ip/snitch/src/riscv_instr.sv:901,hw/ip/spatz/src/spatz_decoder.sv:1399,always,0x4B,*,?????10,*,*,*
292,FNMADD_H,?????10??????????????????1001111,0x0400004F,0x0600007F,hw/ip/snitch/src/riscv_instr.sv:902,hw/ip/spatz/src/spatz_decoder.sv:1400,always,0x4F,*,?????10,*,*,*
293,FCVT_H_S,010001000000?????????????1010011,0x44000053,0xFFF0007F,hw/ip/snitch/src/riscv_instr.sv:928,hw/ip/spatz/src/spatz_decoder.sv:1401,always,0x53,*,0100010,*,*,00000
294,FCVT_S_H,010000000010?????000?????1010011,0x40200053,0xFFF0707F,hw/ip/snitch/src/riscv_instr.sv:927,hw/ip/spatz/src/spatz_decoder.sv:1402,always,0x53,000,0100000,*,*,00010
295,FADD_S,0000000??????????????????1010011,0x00000053,0xFE00007F,hw/ip/snitch/src/riscv_instr.sv:243,hw/ip/spatz/src/spatz_decoder.sv:1486,always,0x53,*,0000000,*,*,*
296,FSUB_S,0000100??????????????????1010011,0x08000053,0xFE00007F,hw/ip/snitch/src/riscv_instr.sv:244,hw/ip/spatz/src/spatz_decoder.sv:1487,always,0x53,*,0000100,*,*,*
297,FMUL_S,0001000??????????????????1010011,0x10000053,0xFE00007F,hw/ip/snitch/src/riscv_instr.sv:245,hw/ip/spatz/src/spatz_decoder.sv:1488,always,0x53,*,0001000,*,*,*
298,FSGNJ_S,0010000??????????000?????1010011,0x20000053,0xFE00707F,hw/ip/snitch/src/riscv_instr.sv:247,hw/ip/spatz/src/spatz_decoder.sv:1489,always,0x53,000,0010000,*,*,*
299,FSGNJN_S,0010000??????????001?????1010011,0x20001053,0xFE00707F,hw/ip/snitch/src/riscv_instr.sv:248,hw/ip/spatz/src/spatz_decoder.sv:1490,always,0x53,001,0010000,*,*,*
300,FSGNJX_S,0010000??????????010?????1010011,0x20002053,0xFE00707F,hw/ip/snitch/src/riscv_instr.sv:249,hw/ip/spatz/src/spatz_decoder.sv:1491,always,0x53,010,0010000,*,*,*
301,FMIN_S,0010100??????????000?????1010011,0x28000053,0xFE00707F,hw/ip/snitch/src/riscv_instr.sv:250,hw/ip/spatz/src/spatz_decoder.sv:1492,always,0x53,000,0010100,*,*,*
302,FMAX_S,0010100??????????001?????1010011,0x28001053,0xFE00707F,hw/ip/snitch/src/riscv_instr.sv:251,hw/ip/spatz/src/spatz_decoder.sv:1493,always,0x53,001,0010100,*,*,*
303,FCLASS_S,111000000000?????001?????1010011,0xE0001053,0xFFF0707F,hw/ip/snitch/src/riscv_instr.sv:259,hw/ip/spatz/src/spatz_decoder.sv:1494,always,0x53,001,1110000,*,*,00000
304,FLE_S,1010000??????????000?????1010011,0xA0000053,0xFE00707F,hw/ip/snitch/src/riscv_instr.sv:253,hw/ip/spatz/src/spatz_decoder.sv:1495,always,0x53,000,1010000,*,*,*
305,FLT_S,1010000??????????001?????1010011,0xA0001053,0xFE00707F,hw/ip/snitch/src/riscv_instr.sv:254,hw/ip/spatz/src/spatz_decoder.sv:1496,always,0x53,001,1010000,*,*,*
306,FEQ_S,1010000??????????010?????1010011,0xA0002053,0xFE00707F,hw/ip/snitch/src/riscv_instr.sv:255,hw/ip/spatz/src/spatz_decoder.sv:1497,always,0x53,010,1010000,*,*,*
307,FCVT_S_W,110100000000?????????????1010011,0xD0000053,0xFFF0007F,hw/ip/snitch/src/riscv_instr.sv:260,hw/ip/spatz/src/spatz_decoder.sv:1498,always,0x53,*,1101000,*,*,00000
308,FCVT_S_WU,110100000001?????????????1010011,0xD0100053,0xFFF0007F,hw/ip/snitch/src/riscv_instr.sv:261,hw/ip/spatz/src/spatz_decoder.sv:1499,always,0x53,*,1101000,*,*,00001
309,FCVT_W_S,110000000000?????????????1010011,0xC0000053,0xFFF0007F,hw/ip/snitch/src/riscv_instr.sv:256,hw/ip/spatz/src/spatz_decoder.sv:1500,always,0x53,*,1100000,*,*,00000
310,FCVT_WU_S,110000000001?????????????1010011,0xC0100053,0xFFF0007F,hw/ip/snitch/src/riscv_instr.sv:257,hw/ip/spatz/src/spatz_decoder.sv:1501,always,0x53,*,1100000,*,*,00001
311,FMADD_S,?????00??????????????????1000011,0x00000043,0x0600007F,hw/ip/snitch/src/riscv_instr.sv:265,hw/ip/spatz/src/spatz_decoder.sv:1502,always,0x43,*,?????00,*,*,*
312,FMSUB_S,?????00??????????????????1000111,0x00000047,0x0600007F,hw/ip/snitch/src/riscv_instr.sv:266,hw/ip/spatz/src/spatz_decoder.sv:1503,always,0x47,*,?????00,*,*,*
313,FNMSUB_S,?????00??????????????????1001011,0x0000004B,0x0600007F,hw/ip/snitch/src/riscv_instr.sv:267,hw/ip/spatz/src/spatz_decoder.sv:1504,always,0x4B,*,?????00,*,*,*
314,FNMADD_S,?????00??????????????????1001111,0x0000004F,0x0600007F,hw/ip/snitch/src/riscv_instr.sv:268,hw/ip/spatz/src/spatz_decoder.sv:1505,always,0x4F,*,?????00,*,*,*
315,FCVT_S_D,010000000001?????????????1010011,0x40100053,0xFFF0007F,hw/ip/snitch/src/riscv_instr.sv:226,hw/ip/spatz/src/spatz_decoder.sv:1506,always,0x53,*,0100000,*,*,00001
316,FCVT_D_S,010000100000?????????????1010011,0x42000053,0xFFF0007F,hw/ip/snitch/src/riscv_instr.sv:227,hw/ip/spatz/src/spatz_decoder.sv:1507,always,0x53,*,0100001,*,*,00000
317,FADD_D,0000001??????????????????1010011,0x02000053,0xFE00007F,hw/ip/snitch/src/riscv_instr.sv:217,hw/ip/spatz/src/spatz_decoder.sv:1591,always,0x53,*,0000001,*,*,*
318,FSUB_D,0000101??????????????????1010011,0x0A000053,0xFE00007F,hw/ip/snitch/src/riscv_instr.sv:218,hw/ip/spatz/src/spatz_decoder.sv:1592,always,0x53,*,0000101,*,*,*
319,FMUL_D,0001001??????????????????1010011,0x12000053,0xFE00007F,hw/ip/snitch/src/riscv_instr.sv:219,hw/ip/spatz/src/spatz_decoder.sv:1593,always,0x53,*,0001001,*,*,*
320,FSGNJ_D,0010001??????????000?????1010011,0x22000053,0xFE00707F,hw/ip/snitch/src/riscv_instr.sv:221,hw/ip/spatz/src/spatz_decoder.sv:1594,always,0x53,000,0010001,*,*,*
321,FSGNJN_D,0010001??????????001?????1010011,0x22001053,0xFE00707F,hw/ip/snitch/src/riscv_instr.sv:222,hw/ip/spatz/src/spatz_decoder.sv:1595,always,0x53,001,0010001,*,*,*
322,FSGNJX_D,0010001??????????010?????1010011,0x22002053,0xFE00707F,hw/ip/snitch/src/riscv_instr.sv:223,hw/ip/spatz/src/spatz_decoder.sv:1596,always,0x53,010,0010001,*,*,*
323,FMIN_D,0010101??????????000?????1010011,0x2A000053,0xFE00707F,hw/ip/snitch/src/riscv_instr.sv:224,hw/ip/spatz/src/spatz_decoder.sv:1597,always,0x53,000,0010101,*,*,*
324,FMAX_D,0010101??????????001?????1010011,0x2A001053,0xFE00707F,hw/ip/snitch/src/riscv_instr.sv:225,hw/ip/spatz/src/spatz_decoder.sv:1598,always,0x53,001,0010101,*,*,*
325,FCLASS_D,111000100000?????001?????1010011,0xE2001053,0xFFF0707F,hw/ip/snitch/src/riscv_instr.sv:234,hw/ip/spatz/src/spatz_decoder.sv:1599,always,0x53,001,1110001,*,*,00000
326,FLE_D,1010001??????????000?????1010011,0xA2000053,0xFE00707F,hw/ip/snitch/src/riscv_instr.sv:229,hw/ip/spatz/src/spatz_decoder.sv:1600,always,0x53,000,1010001,*,*,*
327,FLT_D,1010001??????????001?????1010011,0xA2001053,0xFE00707F,hw/ip/snitch/src/riscv_instr.sv:230,hw/ip/spatz/src/spatz_decoder.sv:1601,always,0x53,001,1010001,*,*,*
328,FEQ_D,1010001??????????010?????1010011,0xA2002053,0xFE00707F,hw/ip/snitch/src/riscv_instr.sv:231,hw/ip/spatz/src/spatz_decoder.sv:1602,always,0x53,010,1010001,*,*,*
329,FCVT_D_W,110100100000?????????????1010011,0xD2000053,0xFFF0007F,hw/ip/snitch/src/riscv_instr.sv:235,hw/ip/spatz/src/spatz_decoder.sv:1603,always,0x53,*,1101001,*,*,00000
330,FCVT_D_WU,110100100001?????????????1010011,0xD2100053,0xFFF0007F,hw/ip/snitch/src/riscv_instr.sv:236,hw/ip/spatz/src/spatz_decoder.sv:1604,always,0x53,*,1101001,*,*,00001
331,FCVT_W_D,110000100000?????????????1010011,0xC2000053,0xFFF0007F,hw/ip/snitch/src/riscv_instr.sv:232,hw/ip/spatz/src/spatz_decoder.sv:1605,always,0x53,*,1100001,*,*,00000
332,FCVT_WU_D,110000100001?????????????1010011,0xC2100053,0xFFF0007F,hw/ip/snitch/src/riscv_instr.sv:233,hw/ip/spatz/src/spatz_decoder.sv:1606,always,0x53,*,1100001,*,*,00001
333,FMADD_D,?????01??????????????????1000011,0x02000043,0x0600007F,hw/ip/snitch/src/riscv_instr.sv:239,hw/ip/spatz/src/spatz_decoder.sv:1607,always,0x43,*,?????01,*,*,*
334,FMSUB_D,?????01??????????????????1000111,0x02000047,0x0600007F,hw/ip/snitch/src/riscv_instr.sv:240,hw/ip/spatz/src/spatz_decoder.sv:1608,always,0x47,*,?????01,*,*,*
335,FNMSUB_D,?????01??????????????????1001011,0x0200004B,0x0600007F,hw/ip/snitch/src/riscv_instr.sv:241,hw/ip/spatz/src/spatz_decoder.sv:1609,always,0x4B,*,?????01,*,*,*
336,FNMADD_D,?????01??????????????????1001111,0x0200004F,0x0600007F,hw/ip/snitch/src/riscv_instr.sv:242,hw/ip/spatz/src/spatz_decoder.sv:1610,always,0x4F,*,?????01,*,*,*
337,CSRRW,?????????????????001?????1110011,0x00001073,0x0000707F,hw/ip/snitch/src/riscv_instr.sv:1061,hw/ip/spatz/src/spatz_decoder.sv:1685,always,0x73,001,*,*,*,*
338,CSRRS,?????????????????010?????1110011,0x00002073,0x0000707F,hw/ip/snitch/src/riscv_instr.sv:1062,hw/ip/spatz/src/spatz_decoder.sv:1686,always,0x73,010,*,*,*,*
339,CSRRC,?????????????????011?????1110011,0x00003073,0x0000707F,hw/ip/snitch/src/riscv_instr.sv:1063,hw/ip/spatz/src/spatz_decoder.sv:1687,always,0x73,011,*,*,*,*
340,CSRRWI,?????????????????101?????1110011,0x00005073,0x0000707F,hw/ip/snitch/src/riscv_instr.sv:1064,hw/ip/spatz/src/spatz_decoder.sv:1688,always,0x73,101,*,*,*,*
341,CSRRSI,?????????????????110?????1110011,0x00006073,0x0000707F,hw/ip/snitch/src/riscv_instr.sv:1065,hw/ip/spatz/src/spatz_decoder.sv:1689,always,0x73,110,*,*,*,*
342,CSRRCI,?????????????????111?????1110011,0x00007073,0x0000707F,hw/ip/snitch/src/riscv_instr.sv:1066,hw/ip/spatz/src/spatz_decoder.sv:1690,always,0x73,111,*,*,*,*
343,VSETVL,1000000??????????111?????1010111,0x80007057,0xFE00707F,hw/ip/snitch/src/riscv_instr.sv:445,hw/ip/spatz/src/spatz_decoder.sv:1742,always,0x57,111,1000000,*,*,*
344,VSETVLI,0????????????????111?????1010111,0x00007057,0x8000707F,hw/ip/snitch/src/riscv_instr.sv:444,hw/ip/spatz/src/spatz_decoder.sv:1743,always,0x57,111,0??????,*,*,*
345,VSETIVLI,11???????????????111?????1010111,0xC0007057,0xC000707F,hw/ip/snitch/src/riscv_instr.sv:443,hw/ip/spatz/src/spatz_decoder.sv:1744,always,0x57,111,11?????,*,*,*
