case_id,evidence_class,size_class,case_kind,N,D,config,trials,status,kernel_cycles_min,kernel_cycles_median,kernel_cycles_max,cycles_per_element,elements_per_cycle,tcdm_accessed,tcdm_congested,max_abs_error,max_rel_error,mean_abs_error,l2_relative_error,memory_footprint_bytes,paper_eligible,paper_ineligible_reasons,reproducible,input_hash,binary_hash,target_result_hash,trace_witness_gate,trace_target_equivalence_gate,fsm_gate
break_even_n1_d1,MAIN_PERFORMANCE,BREAK_EVEN,main,1,1,A1_SMU_SCALAR,3,PASS,1488,1488,1488,1488.0,0.0006720430107526882,396,0,1.2516975402832031e-06,1.2516975402832031e-06,4.172325134277344e-07,3.152311533271239e-07,16768,YES,NA,YES,9d2d7b5a01325e3a0b252f9c9ba34371b2a01c2103351f1c6d5bae30afa62286,fe24e27005287653c7a8d1d464f05ba7d6631187f76e547a78363a8c09521ae0,f4049ee6d1e1b91cefae3023d4f542d3acbed19ea5556189c02c584620416abf,NA,NA,PASS
break_even_n1_d1,MAIN_PERFORMANCE,BREAK_EVEN,main,1,1,A2_SMU_FULL,3,PASS,1338,1338,1338,1338.0,0.0007473841554559044,378,0,1.2516975402832031e-06,1.2516975402832031e-06,4.172325134277344e-07,3.152311533271239e-07,16768,YES,NA,YES,9d2d7b5a01325e3a0b252f9c9ba34371b2a01c2103351f1c6d5bae30afa62286,e93d0b16d0e8c03209c440dcf2b9ea7f15b7a314064b098da1c7047925c8f676,ff78879508c2a070a70ab088d5b9c1c1ba07e58713a5918d5027c3929e0b5e47,NA,NA,PASS
break_even_n1_d1,MAIN_PERFORMANCE,BREAK_EVEN,main,1,1,B1_SCALAR,3,PASS,2065,2065,2065,2065.0,0.00048426150121065375,133,0,1.2516975402832031e-06,1.2516975402832031e-06,4.172325134277344e-07,3.152311533271239e-07,16768,YES,NA,YES,9d2d7b5a01325e3a0b252f9c9ba34371b2a01c2103351f1c6d5bae30afa62286,1ba3eb0f3a3a18907dcd74d6bc018454b6f9500d22ac2911112dccee6e6b65b1,df43711fc01b82ff4cf955ba337a7adf938c4744e6f621920e004ec1953ce130,NA,NA,NA
break_even_n1_d1,MAIN_PERFORMANCE,BREAK_EVEN,main,1,1,B2R_RVV,3,PASS,1768,1768,1768,1768.0,0.0005656108597285068,117,0,1.2516975402832031e-06,1.2516975402832031e-06,4.172325134277344e-07,3.152311533271239e-07,16768,YES,NA,YES,9d2d7b5a01325e3a0b252f9c9ba34371b2a01c2103351f1c6d5bae30afa62286,9e1a81be8bd8c99fbdcdfd2f9f8664594674e3ecabdfa01bbb2086b672e08e9d,d04014fdb4ea2e2172e18402dda412a45f5813277d566de99e64dd114b56db82,PASS,PASS,NA
break_even_n1_d16,MAIN_PERFORMANCE,BREAK_EVEN,main,1,16,A1_SMU_SCALAR,3,PASS,1540,1540,1540,96.25,0.01038961038961039,417,0,1.9073486328125e-06,1.9073486328125e-06,1.0132789611816406e-06,1.0458500553287096e-06,17024,YES,NA,YES,c3e6a6aee66ec01f6a49129e14ef65fc8b44d0ae8bfe259ce873ee8cddeb0758,6b95f8b40f19229bf013189dc250d62bdc1099a89be77016698ca5984c2f9eb0,1d18c3341d8ad595b2241b3be754dbc16a6d9dbcff3c85ebbf8e85aa88edfca4,NA,NA,PASS
break_even_n1_d16,MAIN_PERFORMANCE,BREAK_EVEN,main,1,16,A2_SMU_FULL,3,PASS,1433,1433,1433,89.5625,0.011165387299371946,446,1,1.9073486328125e-06,1.9073486328125e-06,1.0050005382961697e-06,1.0384381733662242e-06,17024,YES,NA,YES,c3e6a6aee66ec01f6a49129e14ef65fc8b44d0ae8bfe259ce873ee8cddeb0758,4ee6fa484dee5b82eb2e445b37aada332f6dc4afb5f0d921f3c99233ca0cef06,9c9b5ec55e618c54565586d63c300aa5436180913e74dcf4590e521a7964f131,NA,NA,PASS
break_even_n1_d16,MAIN_PERFORMANCE,BREAK_EVEN,main,1,16,B1_SCALAR,3,PASS,7433,7433,7433,464.5625,0.002152562895197094,178,0,1.9073486328125e-06,1.9073486328125e-06,1.0050005382961697e-06,1.0384381733662242e-06,17024,YES,NA,YES,c3e6a6aee66ec01f6a49129e14ef65fc8b44d0ae8bfe259ce873ee8cddeb0758,7f397d03a40cb3bc2ff5966933a2a0184558a668617540e4caa02cd7287d05d1,a67d0bd47708811a1f4c8b5aff330c15f71eff3b7cc987599de95888555e4125,NA,NA,NA
break_even_n1_d16,MAIN_PERFORMANCE,BREAK_EVEN,main,1,16,B2R_RVV,3,PASS,1875,1875,1875,117.1875,0.008533333333333334,138,0,1.9073486328125e-06,1.9073486328125e-06,1.0132789611816406e-06,1.0458500553287096e-06,17024,YES,NA,YES,c3e6a6aee66ec01f6a49129e14ef65fc8b44d0ae8bfe259ce873ee8cddeb0758,fa12848d8df2774aeeb30bc51c662a2e962005cebf6de27eab6d0530bad3aa4f,2f664e621095eb232ab72293b172816dfb3edda5c627fb28204cc897ca0c74bc,PASS,PASS,NA
break_even_n1_d32,MAIN_PERFORMANCE,BREAK_EVEN,main,1,32,A1_SMU_SCALAR,3,PASS,1539,1539,1539,48.09375,0.02079272254710851,441,0,1.9073486328125e-06,1.9073486328125e-06,9.374583468717688e-07,1.2327408897041608e-06,17280,YES,NA,YES,de9631aea65ed083a3ed77c2c76cdfbab767c09868e8093506d96898e6e75934,f935a3f9f8c0b6cd0b62f147126f1be56dc54d26d90fd88a9a2e5fba8c2210db,64e3c56a7bba94a870c9b8e9c156da6bb11280d6002c635462d2f49b9636c882,NA,NA,PASS
break_even_n1_d32,MAIN_PERFORMANCE,BREAK_EVEN,main,1,32,A2_SMU_FULL,3,PASS,1555,1555,1555,48.59375,0.020578778135048232,516,1,1.9073486328125e-06,1.9073486328125e-06,9.29569496827967e-07,1.2227309280649424e-06,17280,YES,NA,YES,de9631aea65ed083a3ed77c2c76cdfbab767c09868e8093506d96898e6e75934,15c0d5b813e36bde949c6629c25e00b66433a802a6191f4090a4b16bdaf114c3,6c4aebc3c63cdf8ff9ed45877e305072f8d3784c598407faac4485d31a76a88e,NA,NA,PASS
break_even_n1_d32,MAIN_PERFORMANCE,BREAK_EVEN,main,1,32,B1_SCALAR,3,PASS,12754,12754,12754,398.5625,0.00250901677904971,226,0,1.9073486328125e-06,1.9073486328125e-06,9.29569496827967e-07,1.2227309280649424e-06,17280,YES,NA,YES,de9631aea65ed083a3ed77c2c76cdfbab767c09868e8093506d96898e6e75934,3e6d22e59a20b716ba9f139c7f2ebd34e642432060601d9d4b5302515e82d991,194700a810b744988808566e386051ee0d3f31b9d587b0a6bf0a1ba0013f5c06,NA,NA,NA
break_even_n1_d32,MAIN_PERFORMANCE,BREAK_EVEN,main,1,32,B2R_RVV,3,PASS,1873,1873,1873,58.53125,0.017084890549919914,162,0,1.9073486328125e-06,1.9073486328125e-06,9.374583468717688e-07,1.2327408897041608e-06,17280,YES,NA,YES,de9631aea65ed083a3ed77c2c76cdfbab767c09868e8093506d96898e6e75934,6c7de16f22e67c361bea209dfd9d0c91197a85dc99ce747c277ccd82f8babcd7,db282537d987bf6a65cfb797a5c25ba42841eb020328fe1eb5ebb1a1d57530db,PASS,PASS,NA
break_even_n1_d8,MAIN_PERFORMANCE,BREAK_EVEN,main,1,8,A1_SMU_SCALAR,3,PASS,1483,1483,1483,185.375,0.005394470667565745,405,0,1.9073486328125e-06,1.9073486328125e-06,9.953975677490234e-07,8.580477502713649e-07,16768,YES,NA,YES,06d68f478fb0abb6fe7f4d9b035780cd1093ee8d318bcd4dc0009e1e637603f3,7f6b264304813a5c8f631b165d7bc8b6085543a662abeb9068cdebb94eed1eb9,f6b0ba7cd60513e20f6eb4eecef4d2084fc68496c2ef37dee7aa6908083183df,NA,NA,PASS
break_even_n1_d8,MAIN_PERFORMANCE,BREAK_EVEN,main,1,8,A2_SMU_FULL,3,PASS,1380,1380,1380,172.5,0.005797101449275362,410,0,1.9073486328125e-06,1.9073486328125e-06,9.834766387939453e-07,8.487090633924091e-07,16768,YES,NA,YES,06d68f478fb0abb6fe7f4d9b035780cd1093ee8d318bcd4dc0009e1e637603f3,4f98b4b80a3017af1f0590e3d933b7f4e22819ffb96e340069d842aedb45b5e6,84cff9e8a9cebe1c102ae2fad6b67832ffeaf243a0c098eba845a019100615bf,NA,NA,PASS
break_even_n1_d8,MAIN_PERFORMANCE,BREAK_EVEN,main,1,8,B1_SCALAR,3,PASS,4625,4625,4625,578.125,0.0017297297297297297,154,0,1.9073486328125e-06,1.9073486328125e-06,9.834766387939453e-07,8.487090633924091e-07,16768,YES,NA,YES,06d68f478fb0abb6fe7f4d9b035780cd1093ee8d318bcd4dc0009e1e637603f3,1e4a247cc56023119422257bd0f0d9769f4a55f428d18a98ff6c0ac6653422b8,687eca0b1bef3545b36ba623e8f16f0fb5c0873e86fb79f87d0ad646a38f887c,NA,NA,NA
break_even_n1_d8,MAIN_PERFORMANCE,BREAK_EVEN,main,1,8,B2R_RVV,3,PASS,1841,1841,1841,230.125,0.0043454644215100485,126,0,1.9073486328125e-06,1.9073486328125e-06,9.953975677490234e-07,8.580477502713649e-07,16768,YES,NA,YES,06d68f478fb0abb6fe7f4d9b035780cd1093ee8d318bcd4dc0009e1e637603f3,e9c4e28b09c5d7a46297bd4f55713334f752b06e4a20be118f58c45ba5fb6eea,8e457a2967c3be4845a0b3d3ed15e4f0b88d7ed0565bfaefd3b26b4b46ff03d2,PASS,PASS,NA
break_even_n2_d1,MAIN_PERFORMANCE,BREAK_EVEN,main,2,1,A1_SMU_SCALAR,3,PASS,1591,1591,1591,795.5,0.001257071024512885,416,0,1.2516975402832031e-06,1.2516975402832031e-06,2.5580326716105145e-07,2.0885720705978632e-07,16768,YES,NA,YES,df48b468b679109c672e2d05f7672a2ac1f971c29699e1e2aa32f345d8595640,71bf6b475b0923f3bcb7c6efdc7666ea87b44c0fbb5b2204ce574631fd16df15,2167ecdec4c68856faa1304e48f5b1861a06e1a313c98b4ff02cbb55c1f67583,NA,NA,PASS
break_even_n2_d1,MAIN_PERFORMANCE,BREAK_EVEN,main,2,1,A2_SMU_FULL,3,PASS,1337,1337,1337,668.5,0.0014958863126402393,387,0,1.2516975402832031e-06,1.2516975402832031e-06,2.5580326716105145e-07,2.0885720705978632e-07,16768,YES,NA,YES,df48b468b679109c672e2d05f7672a2ac1f971c29699e1e2aa32f345d8595640,1b20f08e19d13af47d33dc1bdd5795482d35f4a7bd6c9c9d1d2448715a57897f,6008f7d43bb5942c2042640e18c2091bf0a759a62595fcd0e922d84dd5665dd1,NA,NA,PASS
break_even_n2_d1,MAIN_PERFORMANCE,BREAK_EVEN,main,2,1,B1_SCALAR,3,PASS,3930,3930,3930,1965.0,0.0005089058524173028,193,0,1.2516975402832031e-06,1.2516975402832031e-06,2.5580326716105145e-07,2.0885720705978632e-07,16768,YES,NA,YES,df48b468b679109c672e2d05f7672a2ac1f971c29699e1e2aa32f345d8595640,47aa10dc04d97cce44516b1355557d2569c5038e3eed49f8ae10e328bd9d4d81,bcbcdd1dd9943e507a4c120cfbd63d6212e60fdb1812e696b1d3744bd12645a8,NA,NA,NA
break_even_n2_d1,MAIN_PERFORMANCE,BREAK_EVEN,main,2,1,B2R_RVV,3,PASS,3240,3240,3240,1620.0,0.0006172839506172839,165,0,1.2516975402832031e-06,1.2516975402832031e-06,2.5580326716105145e-07,2.0885720705978632e-07,16768,YES,NA,YES,df48b468b679109c672e2d05f7672a2ac1f971c29699e1e2aa32f345d8595640,3d5b7030c7c8d37d26d65b9c41d7a41ebd7b4b2f40e515be38f89410434bcbf2,2008d608f5ee40885a771781441d9d2e63715d6adbc9ff3c49df1a2e94939b61,PASS,PASS,NA
break_even_n2_d16,MAIN_PERFORMANCE,BREAK_EVEN,main,2,16,A1_SMU_SCALAR,3,PASS,1637,1637,1637,51.15625,0.019547953573610263,458,0,1.9073486328125e-06,1.9073486328125e-06,8.688204818301731e-07,1.0024064933510527e-06,17280,YES,NA,YES,420821667acdaaa287079acae03067b1ae5cdcd2c48334153b2136b232d9c06d,5277fcdd906675dfad441a06c20e9e8ddbc60faa10b2c729cda4ab66c8def8e0,1917f1e9e798da7bcb840dd7b03532022771d8a400f4f80344ed51a5f9749db0,NA,NA,PASS
break_even_n2_d16,MAIN_PERFORMANCE,BREAK_EVEN,main,2,16,A2_SMU_FULL,3,PASS,1588,1588,1588,49.625,0.020151133501259445,523,2,1.9073486328125e-06,1.9073486328125e-06,8.663369549645317e-07,9.997020246476173e-07,17280,YES,NA,YES,420821667acdaaa287079acae03067b1ae5cdcd2c48334153b2136b232d9c06d,b9e3e24acf64a3da5648b9683473a0b9c51f6bd13fde379560852b1f1187ce90,b8a3ce012f183169fea1f7d1dd35c83ffcdc97a4e6cccad4e0721dfbf28846ca,NA,NA,PASS
break_even_n2_d16,MAIN_PERFORMANCE,BREAK_EVEN,main,2,16,B1_SCALAR,3,PASS,14177,14177,14177,443.03125,0.0022571771178669675,283,0,1.9073486328125e-06,1.9073486328125e-06,8.663369549645317e-07,9.997020246476173e-07,17280,YES,NA,YES,420821667acdaaa287079acae03067b1ae5cdcd2c48334153b2136b232d9c06d,ee53510fb9231c4c2bdf091a317124ed4397e60d4be96d301a39762a69f577f5,78abc585bf386ab91f9e2ca006300dc13805c65c7b22a9b1ca70617b9a27ceee,NA,NA,NA
break_even_n2_d16,MAIN_PERFORMANCE,BREAK_EVEN,main,2,16,B2R_RVV,3,PASS,3326,3326,3326,103.9375,0.009621166566446182,207,0,1.9073486328125e-06,1.9073486328125e-06,8.688204818301731e-07,1.0024064933510527e-06,17280,YES,NA,YES,420821667acdaaa287079acae03067b1ae5cdcd2c48334153b2136b232d9c06d,e0345bc079aa6b944373efe8211d0ce8b5c96c98a8bf075ed9a9cbadb14784a4,8cacbc4cc2f485edef5a333cf1f559df8f57d1902fcee0d4f4b755deef0535af,PASS,PASS,NA
break_even_n2_d32,MAIN_PERFORMANCE,BREAK_EVEN,main,2,32,A1_SMU_SCALAR,3,PASS,1670,1670,1670,26.09375,0.03832335329341317,506,0,9.900331497192383e-05,9.900331497192383e-05,1.9536134512985452e-06,1.4873360604039985e-05,17792,YES,NA,YES,82bd5df02e212d5062cf88a52f4b5c2f9f6c92170f2b7f2e2a46676594a1b22f,55d66bf25dfddadfa7b7c4f46fe4c0951af4d6e24245197b34e018dd7b8efbfb,b4d4cc924ca129199c4c1bf2d621455fd2b0d95cc7b12a58d0ea821a717d2982,NA,NA,PASS
break_even_n2_d32,MAIN_PERFORMANCE,BREAK_EVEN,main,2,32,A2_SMU_FULL,3,PASS,1826,1826,1826,28.53125,0.03504928806133625,662,1,9.900331497192383e-05,9.900331497192383e-05,1.9678298164816464e-06,1.4873074025348353e-05,17792,YES,NA,YES,82bd5df02e212d5062cf88a52f4b5c2f9f6c92170f2b7f2e2a46676594a1b22f,a2f569a28c445148f4f941430b8b543344557a32cab97abd66dbc7e3e194beba,bf6cf7385510f439d0f2a9cf2425ccb1c49f1e7382a8076a4b01232c913e12a6,NA,NA,PASS
break_even_n2_d32,MAIN_PERFORMANCE,BREAK_EVEN,main,2,32,B1_SCALAR,3,PASS,24386,24386,24386,381.03125,0.0026244566554580497,379,0,9.900331497192383e-05,9.900331497192383e-05,1.9678298164816464e-06,1.4873074025348353e-05,17792,YES,NA,YES,82bd5df02e212d5062cf88a52f4b5c2f9f6c92170f2b7f2e2a46676594a1b22f,83dab3b4fa38f610670f306dc913929b0063f6f6eac94732eddaa66ddf728f23,4569aeefb4ced99da0b177902b9a7fa01d2f8b59566d01be2ece3537665678fb,NA,NA,NA
break_even_n2_d32,MAIN_PERFORMANCE,BREAK_EVEN,main,2,32,B2R_RVV,3,PASS,3290,3290,3290,51.40625,0.019452887537993922,255,0,9.900331497192383e-05,9.900331497192383e-05,1.9536134512985452e-06,1.4873360604039985e-05,17792,YES,NA,YES,82bd5df02e212d5062cf88a52f4b5c2f9f6c92170f2b7f2e2a46676594a1b22f,8e09b78d94bffc83eb660bf006aabd7cbf782d0c9f1846f10406b3fca7aa9038,4b9651065ba518113dfb7851f5eb6fe6477d4da5906df8e64a1d4696988fc202,PASS,PASS,NA
break_even_n2_d8,MAIN_PERFORMANCE,BREAK_EVEN,main,2,8,A1_SMU_SCALAR,3,PASS,1582,1582,1582,98.875,0.010113780025284451,434,0,3.1575560569763184e-05,3.1575560569763184e-05,2.5644898414611816e-06,5.581109849307985e-06,17024,YES,NA,YES,581d67a5572269811b106a8332b763cd7ee8078b07aef9ef22b2c59b179c598b,9dbe28a17ffe7cf2c196a8641857d01663ecd8f452103213058b76818537a5e7,0dfd8c8cb837a254094b1616c77902bb0c7939096ab9b406e84df627b19e6a02,NA,NA,PASS
break_even_n2_d8,MAIN_PERFORMANCE,BREAK_EVEN,main,2,8,A2_SMU_FULL,3,PASS,1459,1459,1459,91.1875,0.010966415352981495,451,0,3.1575560569763184e-05,3.1575560569763184e-05,2.5682151317596435e-06,5.582126534760818e-06,17024,YES,NA,YES,581d67a5572269811b106a8332b763cd7ee8078b07aef9ef22b2c59b179c598b,9cc98d65ec688fee818162cf628647fb3d3be984fd845dc4d25632f028b79c0c,b27af02ae35e495a900f2452ea39c8bebaeef34c0bd4a64ce9eb90fa422e7673,NA,NA,PASS
break_even_n2_d8,MAIN_PERFORMANCE,BREAK_EVEN,main,2,8,B1_SCALAR,3,PASS,8999,8999,8999,562.4375,0.0017779753305922881,235,0,3.1575560569763184e-05,3.1575560569763184e-05,2.5682151317596435e-06,5.582126534760818e-06,17024,YES,NA,YES,581d67a5572269811b106a8332b763cd7ee8078b07aef9ef22b2c59b179c598b,9545f210a7893ceae244c97497004d13b2a24bdb5441c180b4fd6865e65fff90,d8440b1d158be66a934c4ccc0ce356e1e2c0d1e6525d30e000944bc21b94cb1b,NA,NA,NA
break_even_n2_d8,MAIN_PERFORMANCE,BREAK_EVEN,main,2,8,B2R_RVV,3,PASS,3332,3332,3332,208.25,0.004801920768307323,183,0,3.1575560569763184e-05,3.1575560569763184e-05,2.5644898414611816e-06,5.581109849307985e-06,17024,YES,NA,YES,581d67a5572269811b106a8332b763cd7ee8078b07aef9ef22b2c59b179c598b,a2559c858b2d7a2c6e6361553aca44a130830b219f4ce95ef0ee0e78e8868e29,45e4d87af147e1687bdefc52bfd060eb0ce15f4e7db7ff314b8d7ca7cce6b762,PASS,PASS,NA
break_even_n4_d1,MAIN_PERFORMANCE,BREAK_EVEN,main,4,1,A1_SMU_SCALAR,3,PASS,1858,1858,1858,464.5,0.002152852529601722,467,0,1.615285873413086e-05,1.615285873413086e-05,1.8154581387837727e-06,1.5943950688438268e-06,16768,YES,NA,YES,05bc6e4bb451a842c57c3e716bbd4d8237c14e39a43b742f582bef7f3f94d854,8d88a5013cbf9c34e60cf110527c4805eade913c2814eb7505247848309f9ab6,554614c2026c7ef80d16aadd303ee71f31e0950e526e50efcecf85fdf0cf840d,NA,NA,PASS
break_even_n4_d1,MAIN_PERFORMANCE,BREAK_EVEN,main,4,1,A2_SMU_FULL,3,PASS,1380,1380,1380,345.0,0.002898550724637681,416,0,1.6182661056518555e-05,1.6182661056518555e-05,1.817941665649414e-06,1.5971972144218042e-06,16768,YES,NA,YES,05bc6e4bb451a842c57c3e716bbd4d8237c14e39a43b742f582bef7f3f94d854,aab4bf278584aa5a0dd35e95dc75c021edf6324621c1c04c1be6a51de0f9b371,a149d85368ae6bdd03af2b35dad8f4e24005b91286a2b8acf5bf3e8ab6b86811,NA,NA,PASS
break_even_n4_d1,MAIN_PERFORMANCE,BREAK_EVEN,main,4,1,B1_SCALAR,3,PASS,7505,7505,7505,1876.25,0.0005329780146568954,314,0,1.6182661056518555e-05,1.6182661056518555e-05,1.817941665649414e-06,1.5971972144218042e-06,16768,YES,NA,YES,05bc6e4bb451a842c57c3e716bbd4d8237c14e39a43b742f582bef7f3f94d854,fc5872d8df989b2471edea6ad3b207a42dff3e42f4212f3e8f9544444a8bf211,7e73d20f5e521c30b6770574ef12aac63ebc2b9476423020f532adf29d656779,NA,NA,NA
break_even_n4_d1,MAIN_PERFORMANCE,BREAK_EVEN,main,4,1,B2R_RVV,3,PASS,6450,6450,6450,1612.5,0.00062015503875969,262,0,1.615285873413086e-05,1.615285873413086e-05,1.8154581387837727e-06,1.5943950688438268e-06,16768,YES,NA,YES,05bc6e4bb451a842c57c3e716bbd4d8237c14e39a43b742f582bef7f3f94d854,fc7c6e18f352cae179310fa22d1c8e0a638455d7d8d0d66af4aa9c55d646b29b,ec5d81ec9c3b4d4958aee9be463dc3e632901a350f1a0d509e6c49428237776d,PASS,PASS,NA
break_even_n4_d16,MAIN_PERFORMANCE,BREAK_EVEN,main,4,16,A1_SMU_SCALAR,3,PASS,1839,1839,1839,28.734375,0.034801522566612286,551,0,2.288818359375e-05,6.794929504394531e-06,1.7304361487428348e-06,2.629442946263261e-06,17792,YES,NA,YES,c5e06006cbf53bcdc3ebda812a88eafa1c21069d2e24eef6d321ada15c1cff5d,c394ff533e1cd2be325b54c3df2aa4e7dc8429a1d68aae04cd8e457f8b1f50d6,8f9aec1a88392ad2b019a104ca9f925f5f7e60914c22d3a0c0ed6c7b14205fd7,NA,NA,PASS
break_even_n4_d16,MAIN_PERFORMANCE,BREAK_EVEN,main,4,16,A2_SMU_FULL,3,PASS,1860,1860,1860,29.0625,0.034408602150537634,687,3,2.288818359375e-05,6.794929504394531e-06,1.7268143387304412e-06,2.6281022292030256e-06,17792,YES,NA,YES,c5e06006cbf53bcdc3ebda812a88eafa1c21069d2e24eef6d321ada15c1cff5d,96be97286f33f166926012d1e01b2b11c0b33b459ed9c84eb54360832c31fb9b,7b9b978c5d1ec69bf9306ccc6b823902ad5688faa48b146f31ce4248776cf119,NA,NA,PASS
break_even_n4_d16,MAIN_PERFORMANCE,BREAK_EVEN,main,4,16,B1_SCALAR,3,PASS,28130,28130,28130,439.53125,0.0022751510842516885,493,0,2.288818359375e-05,6.794929504394531e-06,1.7268143387304412e-06,2.6281022292030256e-06,17792,YES,NA,YES,c5e06006cbf53bcdc3ebda812a88eafa1c21069d2e24eef6d321ada15c1cff5d,383ff5ca7e95c99fbb8c2669c9fd69a08129a8908b7b2782ac390a73d5b8ca58,c06e8d778446d219c15e601e884c1286eb063c4e3942d3d3a3463891ba91c62c,NA,NA,NA
break_even_n4_d16,MAIN_PERFORMANCE,BREAK_EVEN,main,4,16,B2R_RVV,3,PASS,6746,6746,6746,105.40625,0.009487103468722205,345,0,2.288818359375e-05,6.794929504394531e-06,1.7304361487428348e-06,2.629442946263261e-06,17792,YES,NA,YES,c5e06006cbf53bcdc3ebda812a88eafa1c21069d2e24eef6d321ada15c1cff5d,4f2637b24e1df508cb6f773900c8337935338a83e540a0dd17d132d171da5009,d547c800c23828e5c73e871a93c3e163ea3148ca41957da07db2795d7a10b9b3,PASS,PASS,NA
break_even_n4_d32,MAIN_PERFORMANCE,BREAK_EVEN,main,4,32,A1_SMU_SCALAR,3,PASS,2053,2053,2053,16.0390625,0.062347783731125185,647,0,9.900331497192383e-05,9.900331497192383e-05,2.6089563856230063e-06,1.107952878059458e-05,18816,YES,NA,YES,2b520e291f54699a86aa919a7fe76b811e31faea66cc9770ec0476f6b772433f,f8f38f05e53c5df1a860c095ce14bae490a0c37da9badfe4978cfe79d34f945e,c2846ea8e34bde880c2964a1e10b868f1b8aedf5323fe18095acce98da7d176e,NA,NA,PASS
break_even_n4_d32,MAIN_PERFORMANCE,BREAK_EVEN,main,4,32,A2_SMU_FULL,3,PASS,2378,2378,2378,18.578125,0.05382674516400336,971,7,9.900331497192383e-05,9.900331497192383e-05,2.61535238036338e-06,1.1079883845606094e-05,18816,YES,NA,YES,2b520e291f54699a86aa919a7fe76b811e31faea66cc9770ec0476f6b772433f,681246425a9c8fe3782f9e765f59a0bd5ed8480f6bac43f06fc3487692f80956,9ba34c98f5e34c283523f8358766657587652b5f58b8a9f3a003dd84a58bad36,NA,NA,PASS
break_even_n4_d32,MAIN_PERFORMANCE,BREAK_EVEN,main,4,32,B1_SCALAR,3,PASS,48643,48643,48643,380.0234375,0.002631416647821886,685,0,9.900331497192383e-05,9.900331497192383e-05,2.61535238036338e-06,1.1079883845606094e-05,18816,YES,NA,YES,2b520e291f54699a86aa919a7fe76b811e31faea66cc9770ec0476f6b772433f,d3329a7cad2f336d2603ef08abe4d5779017f6bdf541794c60f1cfd0e3ae4057,980cf4a037a7340476df56d356bb878329b1e48a2cef573f1d5c852dee0bac2c,NA,NA,NA
break_even_n4_d32,MAIN_PERFORMANCE,BREAK_EVEN,main,4,32,B2R_RVV,3,PASS,6664,6664,6664,52.0625,0.01920768307322929,441,0,9.900331497192383e-05,9.900331497192383e-05,2.6089563856230063e-06,1.107952878059458e-05,18816,YES,NA,YES,2b520e291f54699a86aa919a7fe76b811e31faea66cc9770ec0476f6b772433f,42787de117774ea54c8671ba47f6ac5f21eb7934e1c824cc33fd2458e67281f8,d9f0dc019b079b8346eded5ae1c71016b6adc086000b950ff3145c0f4cbc02ff,PASS,PASS,NA
break_even_n4_d8,MAIN_PERFORMANCE,BREAK_EVEN,main,4,8,A1_SMU_SCALAR,3,PASS,1789,1789,1789,55.90625,0.017887087758524316,503,0,0.00012874603271484375,6.362219538046308e-05,1.3264082372188569e-05,2.0319177520485612e-05,17280,YES,NA,YES,d1629ee18906c2daad08e238472d95046f9be8d6c464d1491ac37aebf64820b3,dfb5c90ba5c5f3236d498030cee9fca978e9b510588fa11327572d17e11683ca,94a2fac5913311a4c374582aae6793af0ce85fc7b1d1e1c35d38355d15d9691b,NA,NA,PASS
break_even_n4_d8,MAIN_PERFORMANCE,BREAK_EVEN,main,4,8,A2_SMU_FULL,3,PASS,1653,1653,1653,51.65625,0.019358741681790685,545,1,0.00012874603271484375,6.362219538046308e-05,1.3270881026983261e-05,2.0322407227531708e-05,17280,YES,NA,YES,d1629ee18906c2daad08e238472d95046f9be8d6c464d1491ac37aebf64820b3,594e274a59a5ea4943833964024439ad7e28c45ff0cc00f7bcc68a00d334d105,3ca104eb417924d770c66a5132bb8c41616b857842886fdf1d959f192db85de0,NA,NA,PASS
break_even_n4_d8,MAIN_PERFORMANCE,BREAK_EVEN,main,4,8,B1_SCALAR,3,PASS,16876,16876,16876,527.375,0.0018961839298411946,397,0,0.00012874603271484375,6.362219538046308e-05,1.3270881026983261e-05,2.0322407227531708e-05,17280,YES,NA,YES,d1629ee18906c2daad08e238472d95046f9be8d6c464d1491ac37aebf64820b3,cbdf3810cfdc20ce3160f228b8c7bef3fe5e19792abd2212b757908ea5febaec,3d15067e8d51f0e9e46ae6daadd01443a5d58004355bba6ccf81a4dde63dfda0,NA,NA,NA
break_even_n4_d8,MAIN_PERFORMANCE,BREAK_EVEN,main,4,8,B2R_RVV,3,PASS,6506,6506,6506,203.3125,0.004918536735321242,297,0,0.00012874603271484375,6.362219538046308e-05,1.3264082372188569e-05,2.0319177520485612e-05,17280,YES,NA,YES,d1629ee18906c2daad08e238472d95046f9be8d6c464d1491ac37aebf64820b3,4859d66b8a8bb8e0df06cf34a4638839bcdc8cc6bdea36e7582e8dcef19d82c9,81566c3ea25eac04feed3cc7273b65260baa686cc3bf0144b8c5a052ad691c59,PASS,PASS,NA
scale_d64_n1,MAIN_PERFORMANCE,SCALE_D64,main,1,64,A1_SMU_SCALAR,3,PASS,1610,1610,1610,25.15625,0.03975155279503106,489,0,1.9073486328125e-06,1.9073486328125e-06,9.915375178962043e-07,1.4773292296096567e-06,17792,YES,NA,YES,abec8e1d2f4ffa429db817bf6d7d2f09fddee761d8cf6bfe682791e39c938ac2,959f681c1afcec1ded2a520cff15083ef3964ddc7f41225a7b939bbfd785c875,237625c672dfb0f7acdf311f53243617ef99b8da058cf7469b19ef511529094c,NA,NA,PASS
scale_d64_n1,MAIN_PERFORMANCE,SCALE_D64,main,1,64,A2_SMU_FULL,3,PASS,1825,1825,1825,28.515625,0.03506849315068493,656,1,1.9073486328125e-06,1.9073486328125e-06,9.874735648433368e-07,1.4716135271994308e-06,17792,YES,NA,YES,abec8e1d2f4ffa429db817bf6d7d2f09fddee761d8cf6bfe682791e39c938ac2,650cac474fb139b27e884a006b4ea52ec00ceb6b403e78379736c044bad8ae24,804957e99378ac26591e544d15d5c0e45541b23ca8a696afedad4fa4750d465e,NA,NA,PASS
scale_d64_n1,MAIN_PERFORMANCE,SCALE_D64,main,1,64,B1_SCALAR,3,PASS,23381,23381,23381,365.328125,0.0027372653008853345,322,0,1.9073486328125e-06,1.9073486328125e-06,9.874735648433368e-07,1.4716135271994308e-06,17792,YES,NA,YES,abec8e1d2f4ffa429db817bf6d7d2f09fddee761d8cf6bfe682791e39c938ac2,9a803bb8a452302cf2f88405401707f307e1d46b1cfbdf30e3d424841b8c3540,b6ebbcce1d6de2270e935ce0238ffb3d4da50aaef31b78babc8edaffab184492,NA,NA,NA
scale_d64_n1,MAIN_PERFORMANCE,SCALE_D64,main,1,64,B2R_RVV,3,PASS,2011,2011,2011,31.421875,0.03182496270512183,210,0,1.9073486328125e-06,1.9073486328125e-06,9.915375178962043e-07,1.4773292296096567e-06,17792,YES,NA,YES,abec8e1d2f4ffa429db817bf6d7d2f09fddee761d8cf6bfe682791e39c938ac2,ccafaf201303c98bc45c512263fddf424991f0cfaf7e9ce83f9423de30181f88,44d70af5ef9dd770f61304186e38dd8ad5b53d09ceabde09e552f95e67f3f7a5,PASS,PASS,NA
scale_d64_n16,MAIN_PERFORMANCE,SCALE_D64,main,16,64,A1_SMU_SCALAR,3,PASS,4896,4896,4896,4.78125,0.20915032679738563,2239,0,0.0002593994140625,0.00016185392734602858,5.090996802953834e-06,1.665815918673608e-05,33664,YES,NA,YES,2e988bc21ef578d746579ad77c2ec9aebf503112367514ae34f3dd01d95e8fd7,5c0f13b34985f44b56c3fd75e36539e2594eef82bbfae83688ed8941b4e68769,b1e5481f5fb883c0c059a60e78818090e5ca05e95ff217c2d12122f2332f635f,NA,NA,PASS
scale_d64_n16,MAIN_PERFORMANCE,SCALE_D64,main,16,64,A2_SMU_FULL,3,PASS,9820,9820,9820,9.58984375,0.10427698574338086,5112,46,0.0002593994140625,0.00016185392734602858,5.093020401104833e-06,1.665997456356637e-05,33664,YES,NA,YES,2e988bc21ef578d746579ad77c2ec9aebf503112367514ae34f3dd01d95e8fd7,b913b16e9932028a8bb23b9b5ad02d4306d853e6f85af51a848fcae9bbb39155,795f180514424424f96d5f6931105e8b2e84683a6766a12cc223bcdc0c991871,NA,NA,PASS
scale_d64_n16,MAIN_PERFORMANCE,SCALE_D64,main,16,64,B1_SCALAR,3,PASS,372649,372649,372649,363.9150390625,0.002747894130938229,4057,0,0.0002593994140625,0.00016185392734602858,5.093020401104833e-06,1.665997456356637e-05,33664,YES,NA,YES,2e988bc21ef578d746579ad77c2ec9aebf503112367514ae34f3dd01d95e8fd7,1c760860539aa04bc2fec58b9d5310d44507513a82027711b54244f2bbd7c132,846b2113519478bcfa0b412634539c1b092f1fde82faa6146e868c657e1af493,NA,NA,NA
scale_d64_n16,MAIN_PERFORMANCE,SCALE_D64,main,16,64,B2R_RVV,3,PASS,27765,27765,27765,27.1142578125,0.03688096524401224,2325,0,0.0002593994140625,0.00016185392734602858,5.090996802953834e-06,1.665815918673608e-05,33664,YES,NA,YES,2e988bc21ef578d746579ad77c2ec9aebf503112367514ae34f3dd01d95e8fd7,2957cebda02e5e0ef25fd8dfe497f64936c60433e4e03cd54ea3052b81a17ecf,a5ba556f4949cf16450576384f3d817f68bf6bb46b56eac82a00f58b6b252926,PASS,PASS,NA
scale_d64_n2,MAIN_PERFORMANCE,SCALE_D64,main,2,64,A1_SMU_SCALAR,3,PASS,1815,1815,1815,14.1796875,0.07052341597796143,602,0,1.9073486328125e-06,1.9073486328125e-06,8.075360462746837e-07,1.081026348724415e-06,18816,YES,NA,YES,3c78938bf86434ba248083f24ae5032729e96b7b9b600fbf74a7c8dfab43093e,698146fb7c0f1aeeb5d22a0f8e51fe7a7d3edb0b69b89843b3d672ba8569eee9,02c5dbb908f83b2ea544c56e986e05512fbef37833138296c3b8eef6c0266675,NA,NA,PASS
scale_d64_n2,MAIN_PERFORMANCE,SCALE_D64,main,2,64,A2_SMU_FULL,3,PASS,2349,2349,2349,18.3515625,0.05449127288207748,957,5,1.9073486328125e-06,1.9073486328125e-06,8.033592056370142e-07,1.0769427249921038e-06,18816,YES,NA,YES,3c78938bf86434ba248083f24ae5032729e96b7b9b600fbf74a7c8dfab43093e,49783cb416ef3b2606c2fbd4e71a9b30d233af4970398922726748760076a176,7a37408f1a26460061728a9feec8bf199115d2a87f9da4a3682873cb7316b770,NA,NA,PASS
scale_d64_n2,MAIN_PERFORMANCE,SCALE_D64,main,2,64,B1_SCALAR,3,PASS,45553,45553,45553,355.8828125,0.0028099137268676046,571,0,1.9073486328125e-06,1.9073486328125e-06,8.033592056370142e-07,1.0769427249921038e-06,18816,YES,NA,YES,3c78938bf86434ba248083f24ae5032729e96b7b9b600fbf74a7c8dfab43093e,3cf9ee71bf13740dcb30ea70afb2bd529de1a93a55987cb9151142a0ce720332,7d55778d9e4038c1d5e72304e27647fa5127940aeb0dca4ecc173ca9b50109a8,NA,NA,NA
scale_d64_n2,MAIN_PERFORMANCE,SCALE_D64,main,2,64,B2R_RVV,3,PASS,3623,3623,3623,28.3046875,0.03532983715153188,351,0,1.9073486328125e-06,1.9073486328125e-06,8.075360462746837e-07,1.081026348724415e-06,18816,YES,NA,YES,3c78938bf86434ba248083f24ae5032729e96b7b9b600fbf74a7c8dfab43093e,90b54b9a3d1eb383aa210896d683a1839e71244baac5656da3c82e0bece898fb,bf8f62615eaae24e62fc880a1f62290acf2da8880d940ae938137bb8ed3ed679,PASS,PASS,NA
scale_d64_n32,MAIN_PERFORMANCE,SCALE_D64,main,32,64,A1_SMU_SCALAR,3,PASS,8683,8683,8683,4.23974609375,0.2358631809282506,4129,5,0.0008955001831054688,0.00016185392734602858,8.691727557699338e-06,3.147374867469214e-05,50560,YES,NA,YES,838c461c60d2a947904132e4a6280f43e07be37406c7b8b68e53f5305d28c0d3,47f27dd58c16719bbe9b29bc3107f933cd0f68508c5e8ccf1753ad39a9a3d61c,6a1691c573de0d13fa5994ed2350f24452377f5c0280b77856b3e7237f6889a9,NA,NA,PASS
scale_d64_n32,MAIN_PERFORMANCE,SCALE_D64,main,32,64,A2_SMU_FULL,3,PASS,18353,18353,18353,8.96142578125,0.11158938593145534,9842,79,0.0008955001831054688,0.00016185392734602858,8.692120018443376e-06,3.1473557965137575e-05,50560,YES,NA,YES,838c461c60d2a947904132e4a6280f43e07be37406c7b8b68e53f5305d28c0d3,d75b47be753854ce812350f848610e14667b20c85ad7dba68efa73639bf9a514,c954b7d6f49881b6d34cd0571b3c29671887d96087dbc7bf0e33212a85731726,NA,NA,PASS
scale_d64_n32,MAIN_PERFORMANCE,SCALE_D64,main,32,64,B1_SCALAR,3,PASS,728018,728018,728018,355.4775390625,0.0028131172580897726,8041,0,0.0008955001831054688,0.00016185392734602858,8.692120018443376e-06,3.1473557965137575e-05,50560,YES,NA,YES,838c461c60d2a947904132e4a6280f43e07be37406c7b8b68e53f5305d28c0d3,e744753bf605611e18bfeff90c2ac6fa59646384a894bb4ccc923213a42ef098,497f75970fd7ffef635dc495ac886591e9ec1a944741c6764fb5225d62632735,NA,NA,NA
scale_d64_n32,MAIN_PERFORMANCE,SCALE_D64,main,32,64,B2R_RVV,3,PASS,55424,55424,55424,27.0625,0.03695150115473441,4581,0,0.0008955001831054688,0.00016185392734602858,8.691727557699338e-06,3.147374867469214e-05,50560,YES,NA,YES,838c461c60d2a947904132e4a6280f43e07be37406c7b8b68e53f5305d28c0d3,a7a97b28c1ce5c181780934b43313f7e7a7c8340c217c1e3eb165adacb6bb171,133d372ce30e1095981a677a81de664993958e66b6737394aca86e35d735bbd2,PASS,PASS,NA
scale_d64_n4,MAIN_PERFORMANCE,SCALE_D64,main,4,64,A1_SMU_SCALAR,3,PASS,2325,2325,2325,9.08203125,0.11010752688172043,839,0,0.0002593994140625,5.791646167894499e-05,7.255134264458761e-06,2.2437119469262068e-05,20864,YES,NA,YES,3202ffe47e65df5158ea8112fc8b307286beff906a08c3d590c15edbc29e5816,b21cda51a0a308c4b0b065505493eafe412ce54e641d0f72d5f3ead2f158e4e5,2295d8a24bbd0f02d34ee4dfaa1304ae109db1b59558f08bac217830865be927,NA,NA,PASS
scale_d64_n4,MAIN_PERFORMANCE,SCALE_D64,main,4,64,A2_SMU_FULL,3,PASS,3412,3412,3412,13.328125,0.07502930832356389,1539,4,0.0002593994140625,5.791646167894499e-05,7.2517793865479305e-06,2.2437586506982004e-05,20864,YES,NA,YES,3202ffe47e65df5158ea8112fc8b307286beff906a08c3d590c15edbc29e5816,2c70569efb220d47cfde63ace730239bfdea46b61a2a898829ad830591adde32,71238e657e36f7566a4cc2dbe4e12c7112fe1f1d6589cfb02b00b0748e7eedf8,NA,NA,PASS
scale_d64_n4,MAIN_PERFORMANCE,SCALE_D64,main,4,64,B1_SCALAR,3,PASS,91002,91002,91002,355.4765625,0.002813124986264038,1069,0,0.0002593994140625,5.791646167894499e-05,7.2517793865479305e-06,2.2437586506982004e-05,20864,YES,NA,YES,3202ffe47e65df5158ea8112fc8b307286beff906a08c3d590c15edbc29e5816,f4b49baa8a94b07533b88a7581b36e19de50d06952c7da85af4aadac854a3b9f,358663eb510f45ea8c0f54e31b88eeff1b92e7d6450e99d454bff7859c1b6d35,NA,NA,NA
scale_d64_n4,MAIN_PERFORMANCE,SCALE_D64,main,4,64,B2R_RVV,3,PASS,7065,7065,7065,27.59765625,0.03623496107572541,633,0,0.0002593994140625,5.791646167894499e-05,7.255134264458761e-06,2.2437119469262068e-05,20864,YES,NA,YES,3202ffe47e65df5158ea8112fc8b307286beff906a08c3d590c15edbc29e5816,9955bdb477004ec3e4eb092af33f2d2208134f317fc823b76e8c4f41b8d101e0,72777b3fc98c5eaa5990df7fe8c346fc070115788c6512c61be886195bcfbf4b,PASS,PASS,NA
scale_d64_n8,MAIN_PERFORMANCE,SCALE_D64_AND_N8,main,8,64,A1_SMU_SCALAR,3,PASS,3192,3192,3192,6.234375,0.16040100250626566,1302,0,0.0002593994140625,5.791646167894499e-05,7.776851293094682e-06,2.1925014364402843e-05,25216,YES,NA,YES,13ea8b2e411aa723023dca7ce0ffaa2ee5efb7417846acd13be43d07b3598a49,6e29d21d35ddb925ddb434deb475148524eebc521cad393e2f484f02745e55f6,8a9c47eb467a57c8c890b846e32b02e64c28b4cd46feae15195bd399f0801159,NA,NA,PASS
scale_d64_n8,MAIN_PERFORMANCE,SCALE_D64_AND_N8,main,8,64,A2_SMU_FULL,3,PASS,5559,5559,5559,10.857421875,0.0921028962043533,2740,28,0.0002593994140625,5.791646167894499e-05,7.775613939333143e-06,2.1927093041192625e-05,25216,YES,NA,YES,13ea8b2e411aa723023dca7ce0ffaa2ee5efb7417846acd13be43d07b3598a49,8038c144849a1006116003f3a3c72f5ab2601ac04c76a60b9f89140ceb116c18,8ee2a845d353ad145c4bc87b2a857fc27f4a5657bcd89b4b6f98cf586ad0d75c,NA,NA,PASS
scale_d64_n8,MAIN_PERFORMANCE,SCALE_D64_AND_N8,main,8,64,B1_SCALAR,3,PASS,181575,181575,181575,354.638671875,0.00281977144430676,2065,0,0.0002593994140625,5.791646167894499e-05,7.775613939333143e-06,2.1927093041192625e-05,25216,YES,NA,YES,13ea8b2e411aa723023dca7ce0ffaa2ee5efb7417846acd13be43d07b3598a49,779166e8ceea7e0f106e14a972f76a2b89618260029aaee74a76d12989d38de8,87da36b26ba3d8518d5e317ec67599001ba04a02fd07852c0945e818f280157f,NA,NA,NA
scale_d64_n8,MAIN_PERFORMANCE,SCALE_D64_AND_N8,main,8,64,B2R_RVV,3,PASS,13995,13995,13995,27.333984375,0.036584494462307965,1197,0,0.0002593994140625,5.791646167894499e-05,7.776851293094682e-06,2.1925014364402843e-05,25216,YES,NA,YES,13ea8b2e411aa723023dca7ce0ffaa2ee5efb7417846acd13be43d07b3598a49,bcdf3d37935045641d0ff9555bd2c731cad312769fed0f687c9db6ebc3dc54ef,989987abceb7f3a98c6a8afcf71f4f10922b455b17bb6ace3d25f6bc6be1610c,PASS,PASS,NA
scale_n8_d1,MAIN_PERFORMANCE,SCALE_N8_BREAK_EVEN,main,8,1,A1_SMU_SCALAR,3,PASS,2164,2164,2164,270.5,0.0036968576709796672,560,2,3.892183303833008e-05,3.892183303833008e-05,4.266854375600815e-06,3.6781800290824956e-06,17024,YES,NA,YES,3f07de3553104fa557e409298bd2d0433a39924d8d5ee689d19933267775e1c2,28b246c292f4166e1c1344baafc9d22e4c7bbc40d77188dcf56afca8e7a7c3ed,e1e85a8115433b6a1db105fca04904a1fc886dec72172473bd1683a184aa1cd7,NA,NA,PASS
scale_n8_d1,MAIN_PERFORMANCE,SCALE_N8_BREAK_EVEN,main,8,1,A2_SMU_FULL,3,PASS,1502,1502,1502,187.75,0.005326231691078562,475,1,3.892183303833008e-05,3.892183303833008e-05,4.2657678325970965e-06,3.6786482083808855e-06,17024,YES,NA,YES,3f07de3553104fa557e409298bd2d0433a39924d8d5ee689d19933267775e1c2,916241bd848bda6d68bef9a577d939ffb5845520d1941464e53382c66194d6b2,035f94578f7139f7f8cb401333879a91fcab6a6456bb5782f9572ebeba0df817,NA,NA,PASS
scale_n8_d1,MAIN_PERFORMANCE,SCALE_N8_BREAK_EVEN,main,8,1,B1_SCALAR,3,PASS,15042,15042,15042,1880.25,0.0005318441696582901,553,0,3.892183303833008e-05,3.892183303833008e-05,4.2657678325970965e-06,3.6786482083808855e-06,17024,YES,NA,YES,3f07de3553104fa557e409298bd2d0433a39924d8d5ee689d19933267775e1c2,4a80129408cddf68e132aee62739062139e44eec08fb0d1676a2496febdc54c0,0965d3c8468866cf87ec00459c49b65f43a7200f17c2d11786dc9bd1c056818c,NA,NA,NA
scale_n8_d1,MAIN_PERFORMANCE,SCALE_N8_BREAK_EVEN,main,8,1,B2R_RVV,3,PASS,13014,13014,13014,1626.75,0.0006147226064238512,453,0,3.892183303833008e-05,3.892183303833008e-05,4.266854375600815e-06,3.6781800290824956e-06,17024,YES,NA,YES,3f07de3553104fa557e409298bd2d0433a39924d8d5ee689d19933267775e1c2,b8e42d70f0ae199d43dc2ede03d0628ab5bb84c946b5e56c28d10576c40a5e86,3aadf4406f9d68526442605d7373d94344a03d7eb937ba85e840ffa8ec3953db,PASS,PASS,NA
scale_n8_d128,MAIN_PERFORMANCE,SCALE_N8,main,8,128,A1_SMU_SCALAR,3,PASS,4280,4280,4280,4.1796875,0.23925233644859814,2070,0,0.0007348060607910156,0.00012778052198633453,1.3519227146529234e-05,4.7533981819531635e-05,33408,YES,NA,YES,e9ec25ecdc8f280819e9a00435e7a642cb17e551815ce55e5e67bd8503e99b66,15ba463913d9e9840e4e89b39765303a2b9396f8b8faac8dfa36377edde2984f,b99d8c1b21f067b78c46ee9de6291c103607953d187b8f9a669236c00936cbb4,NA,NA,PASS
scale_n8_d128,MAIN_PERFORMANCE,SCALE_N8,main,8,128,A2_SMU_FULL,3,PASS,9652,9652,9652,9.42578125,0.10609200165768752,5028,43,0.0007348060607910156,0.00012778052198633453,1.3522033651287738e-05,4.7532471409634376e-05,33408,YES,NA,YES,e9ec25ecdc8f280819e9a00435e7a642cb17e551815ce55e5e67bd8503e99b66,45033b9d1d0a8766cf2c3a23273faa30f757f83e52ccffc7f25b11cb9d778571,abc526d143fbd3879b968848526fab643ada6a7705f8d4c15b2a171d6c4a989a,NA,NA,PASS
scale_n8_d128,MAIN_PERFORMANCE,SCALE_N8,main,8,128,B1_SCALAR,3,PASS,350521,350521,350521,342.3056640625,0.002921365624313522,3601,0,0.0007348060607910156,0.00012778052198633453,1.3522033651287738e-05,4.7532471409634376e-05,33408,YES,NA,YES,e9ec25ecdc8f280819e9a00435e7a642cb17e551815ce55e5e67bd8503e99b66,c0e242ad8988a109c47a4bc13693f7651daee6d84169f9b39aa1620bd3feb2f1,d9462d7acfc0ddfb61335b624376f02ec77fca724a699c46b5a76a9da56be828,NA,NA,NA
scale_n8_d128,MAIN_PERFORMANCE,SCALE_N8,main,8,128,B2R_RVV,3,PASS,15100,15100,15100,14.74609375,0.06781456953642384,1965,0,0.0007348060607910156,0.00012778052198633453,1.3519227146529234e-05,4.7533981819531635e-05,33408,YES,NA,YES,e9ec25ecdc8f280819e9a00435e7a642cb17e551815ce55e5e67bd8503e99b66,72c9722af1d84cf3e4c38f2befeed1d12d1213278e66c6109ac05e43c58f25fa,5474d4a445b4463ebf8543409a38a999920d55f0804e534a67a4e7c0775a3a76,PASS,PASS,NA
scale_n8_d16,MAIN_PERFORMANCE,SCALE_N8_BREAK_EVEN,main,8,16,A1_SMU_SCALAR,3,PASS,2360,2360,2360,18.4375,0.05423728813559322,726,0,0.0012054443359375,0.00014238784872913212,2.117668110359874e-05,7.714144196708055e-05,19072,YES,NA,YES,1bf00b599b64c963c4da94e22fee1be8770e34a1aa1d595c2236136dc3d042fc,769cd85ce12acd19d01f8e7657a1d2568da50999ee987dd5b0ae0b046a2695cd,182ced58fbb2d1ab4592d001c1fa3de4405195245d6fd42711d149315763ec12,NA,NA,PASS
scale_n8_d16,MAIN_PERFORMANCE,SCALE_N8_BREAK_EVEN,main,8,16,A2_SMU_FULL,3,PASS,2494,2494,2494,19.484375,0.05132317562149158,1014,4,0.0012054443359375,0.00014238784872913212,2.117390977218747e-05,7.714086370108983e-05,19072,YES,NA,YES,1bf00b599b64c963c4da94e22fee1be8770e34a1aa1d595c2236136dc3d042fc,adbc2646b6eea6b93b571aa1e133e6eb4a855b9c57019a9c0bfa99ed36017d5c,84b8a8fee2958e181faf67fb351d0f772ae72fa895433206f85b910a7819b037,NA,NA,PASS
scale_n8_d16,MAIN_PERFORMANCE,SCALE_N8_BREAK_EVEN,main,8,16,B1_SCALAR,3,PASS,54262,54262,54262,423.921875,0.002358925214699053,913,0,0.0012054443359375,0.00014238784872913212,2.117390977218747e-05,7.714086370108983e-05,19072,YES,NA,YES,1bf00b599b64c963c4da94e22fee1be8770e34a1aa1d595c2236136dc3d042fc,970f27da902be692dd119a5ed618342090760421c536f190bc1c0ad289a3521f,7baaec7b087f54b66bd8dbe4f899caf39e191af46935d51bcf8a7dcb55c7b2ef,NA,NA,NA
scale_n8_d16,MAIN_PERFORMANCE,SCALE_N8_BREAK_EVEN,main,8,16,B2R_RVV,3,PASS,13128,13128,13128,102.5625,0.009750152346130409,621,0,0.0012054443359375,0.00014238784872913212,2.117668110359874e-05,7.714144196708055e-05,19072,YES,NA,YES,1bf00b599b64c963c4da94e22fee1be8770e34a1aa1d595c2236136dc3d042fc,0e09aa8afa92acd4715f462768b137e83798d4569718b35cfe794875f81f4011,6d91a897dad9b23e404bbbf1cf2be756b04efc33e9122b6f60fa342c29fb50a1,PASS,PASS,NA
scale_n8_d32,MAIN_PERFORMANCE,SCALE_N8_BREAK_EVEN,main,8,32,A1_SMU_SCALAR,3,PASS,2632,2632,2632,10.28125,0.0972644376899696,918,0,0.0006031990051269531,0.00014736815617622854,1.359465258086429e-05,4.5539865012701725e-05,21120,YES,NA,YES,a6729cab23284a7f45ea5d928850fbd01099cf12ada8eff06df8d75f5ac1cb70,3b26914f412508ffc7128bc7d370c2822d41652782c2aecbc972a7944fad91e3,c1139d90b44cefda305ef2d3461046e026727a3167ec801cef4575bd3ab1a7a2,NA,NA,PASS
scale_n8_d32,MAIN_PERFORMANCE,SCALE_N8_BREAK_EVEN,main,8,32,A2_SMU_FULL,3,PASS,3477,3477,3477,13.58203125,0.07362668967500718,1591,21,0.0006031990051269531,0.00014736815617622854,1.3598973643692101e-05,4.554134736789027e-05,21120,YES,NA,YES,a6729cab23284a7f45ea5d928850fbd01099cf12ada8eff06df8d75f5ac1cb70,81e2f60831c57337af45c100271b59e1ba1fded7918f9c360b7e823f4fb0a266,3d621e536c9f792631e3e3ca9fb239a105a55bf09a56b67fddb669b26b5ee922,NA,NA,PASS
scale_n8_d32,MAIN_PERFORMANCE,SCALE_N8_BREAK_EVEN,main,8,32,B1_SCALAR,3,PASS,96853,96853,96853,378.33203125,0.0026431809030179757,1297,0,0.0006031990051269531,0.00014736815617622854,1.3598973643692101e-05,4.554134736789027e-05,21120,YES,NA,YES,a6729cab23284a7f45ea5d928850fbd01099cf12ada8eff06df8d75f5ac1cb70,ed08f48084a02e4fccbd36c77fea3b332cd239b6cd1ae310c11211785621a133,d24fcb3f6c0e6d8edd56b4008af12962f27a3324109f1cb619bf8fc9578a8d15,NA,NA,NA
scale_n8_d32,MAIN_PERFORMANCE,SCALE_N8_BREAK_EVEN,main,8,32,B2R_RVV,3,PASS,13514,13514,13514,52.7890625,0.01894331804055054,813,0,0.0006031990051269531,0.00014736815617622854,1.359465258086429e-05,4.5539865012701725e-05,21120,YES,NA,YES,a6729cab23284a7f45ea5d928850fbd01099cf12ada8eff06df8d75f5ac1cb70,a5cac3da1120471a2e4637432359171c88d0360c24b2af9715c43c0d047e9462,2162c5d2bed577c236600bc43b6ec512b3c600190e2504cc560cc2710d73ad06,PASS,PASS,NA
scale_n8_d8,MAIN_PERFORMANCE,SCALE_N8_BREAK_EVEN,main,8,8,A1_SMU_SCALAR,3,PASS,2171,2171,2171,33.921875,0.02947950253339475,630,0,0.00043773651123046875,0.00011326411637332742,1.6521313227713108e-05,3.490501009506035e-05,18048,YES,NA,YES,ff9022ebfe764d65f778d11cf90366b78ded0ba9ef086d3e5fe567ac1dff2d99,dbe32e3fa193537aada9ccbe191f189b99e187909083e01f13b7073d18739f2c,c9e80b2934abd4491fd5e2e92605c98f3385844d1633dfba2e61b3c885ea0d37,NA,NA,PASS
scale_n8_d8,MAIN_PERFORMANCE,SCALE_N8_BREAK_EVEN,main,8,8,A2_SMU_FULL,3,PASS,1931,1931,1931,30.171875,0.033143448990160536,722,3,0.00043773651123046875,0.00011326411637332742,1.652379287406802e-05,3.490580464283406e-05,18048,YES,NA,YES,ff9022ebfe764d65f778d11cf90366b78ded0ba9ef086d3e5fe567ac1dff2d99,c919f400c5858dcc9b07ffe049f0006978817ae74a2151c860686e9c5bd68692,6735b143fe612d9ca1a4b444a3ec3ce1b320cf8ad5ded362ed1e8babf8e70fe1,NA,NA,PASS
scale_n8_d8,MAIN_PERFORMANCE,SCALE_N8_BREAK_EVEN,main,8,8,B1_SCALAR,3,PASS,34592,34592,34592,540.5,0.0018501387604070306,721,0,0.00043773651123046875,0.00011326411637332742,1.652379287406802e-05,3.490580464283406e-05,18048,YES,NA,YES,ff9022ebfe764d65f778d11cf90366b78ded0ba9ef086d3e5fe567ac1dff2d99,c5ac9e57b17d1663df7aea857404017d44ffd4c083ce4240674fa3e00f105159,159447a0b1cc8db464d03951d4341aec8bc493d21f8692ea5d9eb0b5e2da3a58,NA,NA,NA
scale_n8_d8,MAIN_PERFORMANCE,SCALE_N8_BREAK_EVEN,main,8,8,B2R_RVV,3,PASS,13159,13159,13159,205.609375,0.004863591458317502,525,0,0.00043773651123046875,0.00011326411637332742,1.6521313227713108e-05,3.490501009506035e-05,18048,YES,NA,YES,ff9022ebfe764d65f778d11cf90366b78ded0ba9ef086d3e5fe567ac1dff2d99,465c620b775a5d39a03f3e12a11856d5e68da18580122e2538c4b8285cd6426a,7cc7f7e0fe062d107f8a08632a3ffc7c8d5d1f66543dc347eb619a9fffce2ad4,PASS,PASS,NA
