case,model,model_role,m_old,l_old,m_tile,l_tile,m_new,l_new,old_delta,tile_delta,old_exp,tile_exp,w_old,w_tile,weight_sum_error,vector_update_l2
equal_max,fp32,primary,0.0,2.0,0.0,3.0,0.0,5.0,0.0,0.0,1.0,1.0,0.4,0.6,2.9802322387695312e-08,0.10954452306032181
equal_max,fp16,primary,0.0,2.0,0.0,3.0,0.0,5.0,0.0,0.0,1.0,1.0,0.4,0.6,0.0,0.10980224609375
equal_max,mixed,primary,0.0,2.0,0.0,3.0,0.0,5.0,0.0,0.0,1.0,1.0,0.4,0.6,0.0,0.10978522151708603
equal_max,mixed_exact_exp,diagnostic,0.0,2.0,0.0,3.0,0.0,5.0,0.0,0.0,1.0,1.0,0.4,0.6,0.0,0.10978522151708603
equal_max,mixed_rtl_exact,diagnostic,0.0,2.0,0.0,3.0,0.0,5.0,0.0,0.0,1.0,1.0,0.39990234,0.60009766,0.0,0.10978522151708603
equal_max,mixed_rtl_reciprocal,diagnostic,0.0,2.0,0.0,3.0,0.0,5.0,0.0,0.0,1.0,1.0,0.39990234,0.60009766,0.0,0.10978522151708603
near_tie_max,fp32,primary,0.0,2.0,-0.001,1.5,0.0,3.4985008,0.0,-0.001,1.0,0.9990005,0.57167345,0.42832652,2.9802322387695312e-08,0.31358790397644043
near_tie_max,fp16,primary,0.0,2.0,-0.001,1.5,0.0,3.498,0.0,-0.001,1.0,0.999,0.572,0.4282,0.0,0.313720703125
near_tie_max,mixed,primary,0.0,2.0,-0.001,1.5,0.0,3.4767456,0.0,-0.001,1.0,0.9844971,0.575,0.4248,0.0,0.32226839661598206
near_tie_max,mixed_exact_exp,diagnostic,0.0,2.0,-0.001,1.5,0.0,3.4985,0.0,-0.001,1.0,0.9990001,0.572,0.4282,0.0,0.3138439357280731
near_tie_max,mixed_rtl_exact,diagnostic,0.0,2.0,-0.001,1.5,0.0,3.4767456,0.0,-0.001,1.0,0.9844971,0.5751953,0.4248047,0.0,0.32226839661598206
near_tie_max,mixed_rtl_reciprocal,diagnostic,0.0,2.0,-0.001,1.5,0.0,3.4767456,0.0,-0.001,1.0,0.9844971,0.5751953,0.4248047,0.0,0.32226839661598206
delta_minus_8,fp32,primary,-8.0,2.0,0.0,1.25,0.0,1.2506709,-8.0,0.0,0.00033546262,1.0,0.0005364523,0.99946356,1.0477378964424133e-08,1.0941228866577148
delta_minus_8,fp16,primary,-8.0,2.0,0.0,1.25,0.0,1.251,-8.0,0.0,0.0003355,1.0,0.0005364,0.999,0.0004401206970214844,1.09375
delta_minus_8,mixed,primary,-8.0,2.0,0.0,1.25,0.0,1.2507324,-8.0,0.0,0.00036621094,1.0,0.0005856,0.999,0.0003910064697265625,1.0935735702514648
delta_minus_8,mixed_exact_exp,diagnostic,-8.0,2.0,0.0,1.25,0.0,1.2506709,-8.0,0.0,0.00033546262,1.0,0.0005364,0.999,0.0004401206970214844,1.0936408042907715
delta_minus_8,mixed_rtl_exact,diagnostic,-8.0,2.0,0.0,1.25,0.0,1.2507324,-8.0,0.0,0.00036621094,1.0,0.00058555603,0.99902344,0.0003910064697265625,1.0935735702514648
delta_minus_8,mixed_rtl_reciprocal,diagnostic,-8.0,2.0,0.0,1.25,0.0,1.2507324,-8.0,0.0,0.00036621094,1.0,0.00058555603,0.99902344,0.0003910064697265625,1.0935735702514648
delta_below_minus_8,fp32,primary,-10.0,2.0,0.0,1.25,0.0,1.2500908,-10.0,0.0,4.5399924e-05,1.0,7.26346e-05,0.99992734,2.346496330574155e-08,1.0952661037445068
delta_below_minus_8,fp16,primary,-10.0,2.0,0.0,1.25,0.0,1.25,-10.0,0.0,4.54e-05,1.0,7.266e-05,1.0,7.265806198120117e-05,1.0947265625
delta_below_minus_8,mixed,primary,-10.0,2.0,0.0,1.25,0.0,1.25,-10.0,0.0,0.0,1.0,0.0,1.0,0.0,1.095445156097412
delta_below_minus_8,mixed_exact_exp,diagnostic,-10.0,2.0,0.0,1.25,0.0,1.2500908,-10.0,0.0,4.5399924e-05,1.0,7.26e-05,1.0,7.259845733642578e-05,1.0953457355499268
delta_below_minus_8,mixed_rtl_exact,diagnostic,-10.0,2.0,0.0,1.25,0.0,1.25,-10.0,0.0,0.0,1.0,0.0,1.0,0.0,1.095445156097412
delta_below_minus_8,mixed_rtl_reciprocal,diagnostic,-10.0,2.0,0.0,1.25,0.0,1.25,-10.0,0.0,0.0,1.0,0.0,1.0,0.0,1.095445156097412
small_unequal_l,fp32,primary,0.25,0.125,-1.5,3.75,0.25,0.7766523,0.0,-1.75,1.0,0.17377394,0.16094719,0.8390528,1.4901161193847656e-08,0.6987502574920654
small_unequal_l,fp16,primary,0.25,0.125,-1.5,3.75,0.25,0.777,0.0,-1.75,1.0,0.1738,0.1609,0.839,0.000244140625,0.6982421875
small_unequal_l,mixed,primary,0.25,0.125,-1.5,3.75,0.25,0.78692627,0.0,-1.75,1.0,0.17651367,0.1588,0.8413,0.0001220703125,0.7041431069374084
small_unequal_l,mixed_exact_exp,diagnostic,0.25,0.125,-1.5,3.75,0.25,0.7766523,0.0,-1.75,1.0,0.17377394,0.1609,0.839,0.000244140625,0.6986270546913147
small_unequal_l,mixed_rtl_exact,diagnostic,0.25,0.125,-1.5,3.75,0.25,0.78692627,0.0,-1.75,1.0,0.17651367,0.15881348,0.8413086,0.0001220703125,0.7041431069374084
small_unequal_l,mixed_rtl_reciprocal,diagnostic,0.25,0.125,-1.5,3.75,0.25,0.78692627,0.0,-1.75,1.0,0.17651367,0.15881348,0.8413086,0.0001220703125,0.7041431069374084
old_l_zero,fp32,primary,-0.5,0.0,0.0,1.25,0.0,1.25,-0.5,0.0,0.60653067,1.0,0.0,1.0,0.0,1.095445156097412
old_l_zero,fp16,primary,-0.5,0.0,0.0,1.25,0.0,1.25,-0.5,0.0,0.6064,1.0,0.0,1.0,0.0,1.0947265625
old_l_zero,mixed,primary,-0.5,0.0,0.0,1.25,0.0,1.25,-0.5,0.0,0.61608887,1.0,0.0,1.0,0.0,1.095445156097412
old_l_zero,mixed_exact_exp,diagnostic,-0.5,0.0,0.0,1.25,0.0,1.25,-0.5,0.0,0.60653067,1.0,0.0,1.0,0.0,1.095445156097412
old_l_zero,mixed_rtl_exact,diagnostic,-0.5,0.0,0.0,1.25,0.0,1.25,-0.5,0.0,0.61608887,1.0,0.0,1.0,0.0,1.095445156097412
old_l_zero,mixed_rtl_reciprocal,diagnostic,-0.5,0.0,0.0,1.25,0.0,1.25,-0.5,0.0,0.61608887,1.0,0.0,1.0,0.0,1.095445156097412
tile_l_zero,fp32,primary,0.0,1.25,-0.5,0.0,0.0,1.25,0.0,-0.5,1.0,0.60653067,1.0,0.0,0.0,1.3693064451217651
tile_l_zero,fp16,primary,0.0,1.25,-0.5,0.0,0.0,1.25,0.0,-0.5,1.0,0.6064,1.0,0.0,0.0,1.369140625
tile_l_zero,mixed,primary,0.0,1.25,-0.5,0.0,0.0,1.25,0.0,-0.5,1.0,0.61608887,1.0,0.0,0.0,1.3693064451217651
tile_l_zero,mixed_exact_exp,diagnostic,0.0,1.25,-0.5,0.0,0.0,1.25,0.0,-0.5,1.0,0.60653067,1.0,0.0,0.0,1.3693064451217651
tile_l_zero,mixed_rtl_exact,diagnostic,0.0,1.25,-0.5,0.0,0.0,1.25,0.0,-0.5,1.0,0.61608887,1.0,0.0,0.0,1.3693064451217651
tile_l_zero,mixed_rtl_reciprocal,diagnostic,0.0,1.25,-0.5,0.0,0.0,1.25,0.0,-0.5,1.0,0.61608887,1.0,0.0,0.0,1.3693064451217651
