entries,q_bits,rom_bits,probe_mean,probe_max,probe_p99,probe_count,reciprocal_relative_error_mean,reciprocal_relative_error_max,reciprocal_relative_error_p99,reciprocal_probe_count,reachable_domain_count,reachable_domain_unsupported_count,reachable_domain_overflow_count,reachable_domain_mean,reachable_domain_max,reachable_domain_p99,full_fp32_mantissa_theoretical_max,full_fp32_mantissa_theoretical_max_method,calibration_cases,validation_cases,final_test_cases,calibration_worst_case_error,validation_worst_case_error,validation_ab_worst_case_error,validation_optimized_oracle_worst_case_error,final_test_worst_case_error,validation_pairwise_cosine_min,validation_ab_pairwise_cosine_min,validation_optimized_fp32_pairwise_cosine_min,validation_ab_attention_relative_max,validation_optimized_fp32_attention_relative_max,validation_optimized_oracle_pairwise_cosine_min,validation_optimized_probability_sum_error_max,validation_ab_probability_sum_error_max,final_test_pairwise_cosine_min,final_test_optimized_fp32_pairwise_cosine_min,validation_threshold,pairwise_cosine_threshold,passes_ab_validation_threshold,passes_optimized_oracle_validation_threshold,passes_validation_threshold,recommended,selected
64,10,704,0.0010911931849088377,0.002792809158563545,0.0025338050909339805,1285,0.0010911931849088377,0.002792809158563545,0.0025338050909339805,1285,31743,0,0,0.0006688950219001284,0.0024290084838867426,0.0019512176513672218,NA,NA,64,64,64,0.02702156775863988,0.020936004524984037,0.014207085156070826,0.020936004524984037,0.021071939581224948,0.9999678600005368,0.9999678600005368,0.9998154416070045,0.014207085156070826,0.020936058311065084,0.999815441249839,0.012653865085667348,0.012687973625361337,0.9999620669688026,0.9998279421008708,0.015,0.9999,True,False,True,False,False
64,12,832,0.00029902344926056965,0.0007021357305347022,0.0006560106412506822,1285,0.00029902344926056965,0.0007021357305347022,0.0006560106412506822,1285,31743,0,0,0.00019020522447823988,0.0006361007690430271,0.0005555152893066519,NA,NA,64,64,64,0.024443836517032087,0.015777577570094316,0.005054950657259387,0.015777577570094316,0.015890306149536158,0.9999967262635777,0.9999967262635777,0.9998617031773157,0.005054950657259387,0.015777607961506176,0.9998617028861502,0.0051395431692071725,0.004712571633717744,0.9999968401098056,0.9998719336604716,0.015,0.9999,True,False,True,False,False
64,14,960,8.11592097179416e-05,0.00016605673590669014,0.0001510442816652853,1285,8.11592097179416e-05,0.00016605673590669014,0.0001510442816652853,1285,31743,0,0,6.315034657770397e-05,0.00017321109771721837,0.00014245510101315606,NA,NA,64,64,64,0.023729014438378458,0.015525140418617215,0.002587062579911615,0.015525140418617215,0.015579383283880156,0.9999993449071758,0.9999993449071758,0.9998699847666734,0.002587062579911615,0.015525143852446213,0.9998699844793683,0.002086159449390834,0.0020779303813469596,0.9999991594912917,0.9998833592226608,0.015,0.9999,True,False,True,False,False
64,15,1024,4.5311028151501645e-05,9.250823495676043e-05,8.430254820263463e-05,1285,4.5311028151501645e-05,9.250823495676043e-05,8.430254820263463e-05,1285,31743,0,0,3.744021550516337e-05,8.836388587954739e-05,7.906556129462809e-05,NA,NA,64,64,64,0.023377590676203354,0.015383745724721959,0.0017220771113137128,0.015383745724721959,0.015532971884374167,0.999999693314993,0.999999693314993,0.9998730851714096,0.0017220771113137128,0.015383749136373161,0.9998730848920195,0.0017608241651032586,0.0013910033558204304,0.9999998233004697,0.9998827208971781,0.015,0.9999,True,False,True,False,False
64,16,1088,3.1058367192326566e-05,7.713024024268846e-05,7.431211633953659e-05,1285,3.1058367192326566e-05,7.713024024268846e-05,7.431211633953659e-05,1285,31743,0,0,2.9478842837409407e-05,7.355213165281599e-05,6.502866744995204e-05,NA,NA,64,64,64,0.023566525384019717,0.015368608802473127,0.0012755123571717541,0.015368608802473127,0.015520254765894113,0.9999997311877749,0.9999997311877749,0.9998734453031394,0.0012755123571717541,0.0153686122117501,0.9998734450240135,0.0017394996284565423,0.0010583292023511603,0.9999997949306232,0.9998832634376147,0.015,0.9999,True,False,True,False,False
64,18,1216,2.1892650300366893e-05,6.175224552861648e-05,5.8457299019176715e-05,1285,2.1892650300366893e-05,6.175224552861648e-05,5.8457299019176715e-05,1285,31743,0,0,2.2819869118627937e-05,6.198883056642013e-05,5.6676566600835556e-05,NA,NA,64,64,64,0.023641062308210496,0.015365751928104708,0.000982462282220749,0.015365751928104708,0.015533051760955464,0.999999824097967,0.999999824097967,0.9998735360710574,0.000982462282220749,0.01536575533693358,0.9998735357913738,0.0017199524118041154,0.0008517257101630094,0.9999997920215421,0.999882649376194,0.015,0.9999,True,False,True,False,False
64,20,1344,1.9792607916891773e-05,6.0791120858986984e-05,5.746637293665422e-05,1285,1.9792607916891773e-05,6.0791120858986984e-05,5.746637293665422e-05,1285,31743,0,0,2.0783906372712914e-05,6.006658077241378e-05,5.6235119700401574e-05,NA,NA,64,64,64,0.023643341791047916,0.015460291783084548,0.000982201532374722,0.015460291783084548,0.015536317334944065,0.9999998256248946,0.9999998256248946,0.9998721019090633,0.000982201532374722,0.01546029520674202,0.9998721016244907,0.0017191870974784251,0.0008513900847901823,0.9999998236932363,0.999882649376194,0.015,0.9999,True,False,True,False,False
64,23,1536,1.910083515269042e-05,6.007027735676486e-05,5.659931261444704e-05,1285,1.910083515269042e-05,6.007027735676486e-05,5.659931261444704e-05,1285,31743,0,0,2.0213082650565273e-05,6.006658077241378e-05,5.574012175199345e-05,NA,NA,64,64,64,0.02364119717899927,0.015460291783084548,0.000982201532374722,0.015460291783084548,0.015536317334944065,0.9999998256248946,0.9999998256248946,0.9998721019090633,0.000982201532374722,0.01546029520674202,0.9998721016244907,0.0017191870974784251,0.0008513900847901823,0.9999998236978734,0.999882649376194,0.015,0.9999,True,False,True,False,False
128,10,1408,0.0012838710226292466,0.002792809158563545,0.0025802059099078113,1285,0.0012838710226292466,0.002792809158563545,0.0025802059099078113,1285,31743,0,0,0.0006350385772067678,0.002302169799804592,0.0019245147705078134,NA,NA,64,64,64,0.026455819006053843,0.02058326783760057,0.014589830804089836,0.02058326783760057,0.019977509650319566,0.9999774285339903,0.9999774285339903,0.9998326620351373,0.014589830804089836,0.02058331307904576,0.9998326616873136,0.01244703596967156,0.012077215160388732,0.9999737340509931,0.9998349105004118,0.015,0.9999,True,False,True,False,False
128,12,1664,0.00033048436893620887,0.0007021357305347022,0.0006571356207131555,1285,0.00033048436893620887,0.0007021357305347022,0.0006571356207131555,1285,31743,0,0,0.00016413585820390403,0.0006077289581299692,0.0004997253417968759,NA,NA,64,64,64,0.0240824465515691,0.015539507397499163,0.0035478076570193296,0.015539507397499163,0.01588617178693748,0.9999983661626316,0.9999983661626316,0.9998667838342065,0.0035478076570193296,0.015539512548085378,0.9998667835446245,0.0038442172663053498,0.003417245730815921,0.9999975019549299,0.9998725996599733,0.015,0.9999,True,False,True,False,False
128,14,1920,7.458133949713857e-05,0.00016605673590669014,0.00014897124492566264,1285,7.458133949713857e-05,0.00016605673590669014,0.00014897124492566264,1285,31743,0,0,4.181122654414066e-05,0.00014764070510862957,0.00012004375457766523,NA,NA,64,64,64,0.023566678295767494,0.015469922495405523,0.0017047026185779788,0.015469922495405523,0.015527889579174132,0.9999995929799884,0.9999995929799884,0.9998719594202089,0.0017047026185779788,0.015469925920573575,0.9998719591365518,0.0016454442411486525,0.0014687602524645627,0.9999998326086283,0.9998827288669988,0.015,0.9999,True,False,True,False,False
128,15,2048,3.48672379800916e-05,7.48457969167156e-05,7.186380389606771e-05,1285,3.48672379800916e-05,7.48457969167156e-05,7.186380389606771e-05,1285,31743,0,0,2.273449550612295e-05,7.906556129462809e-05,6.0737133026203285e-05,NA,NA,64,64,64,0.02342343556462084,0.015353543448353334,0.0013952803791004104,0.015353543448353334,0.015524232871986714,0.9999997315638909,0.9999997315638909,0.9998738422359016,0.0013952803791004104,0.015353546855267302,0.9998738419566533,0.001347604516922729,0.0011789345408033114,0.9999998725485074,0.9998826649637227,0.015,0.9999,True,False,True,False,False
128,16,2176,1.5453730142718356e-05,4.1871451685474416e-05,3.689696495708e-05,1285,1.5453730142718356e-05,4.1871451685474416e-05,3.689696495708e-05,1285,31743,0,0,1.464195525312391e-05,4.145503044121891e-05,3.579258918753284e-05,NA,NA,64,64,64,0.023628387784208702,0.015367270460929623,0.0008895489827072863,0.015367270460929623,0.015541770537295288,0.9999999304731786,0.9999999304731786,0.9998735375804747,0.0008895489827072863,0.015367273869996676,0.9998735373002069,0.001331072493485408,0.0008396344328502892,0.9999998798920642,0.9998826657415166,0.015,0.9999,True,False,True,False,False
128,18,2432,6.45861568300034e-06,1.9088849057838903e-05,1.7426893919003384e-05,1285,6.45861568300034e-06,1.9088849057838903e-05,1.7426893919003384e-05,1285,31743,0,0,7.31667646128624e-06,1.7352402210191686e-05,1.5810132026664557e-05,NA,NA,64,64,64,0.02364818714901497,0.015470307639752124,0.0005239480030220456,0.015470307639752124,0.015531069647369144,0.9999999554241925,0.9999999554241925,0.9998721013902242,0.0005239480030220456,0.015470311064980586,0.9998721011049262,0.0017065511747205164,0.0004941167388778922,0.9999999551669742,0.9998826657415166,0.015,0.9999,True,False,True,False,False
128,20,2688,4.566594798903398e-06,1.621665057878528e-05,1.5616650102832533e-05,1285,4.566594798903398e-06,1.621665057878528e-05,1.5616650102832533e-05,1285,31743,0,0,5.507301097331111e-06,1.5377998352036903e-05,1.4415942132429082e-05,NA,NA,64,64,64,0.023649624343557774,0.015468385993852559,0.0005239480030220456,0.015468385993852559,0.015523787970104981,0.9999999555113507,0.9999999555113507,0.9998721082435067,0.0005239480030220456,0.015468389418779609,0.9998721079582426,0.0017037838661053684,0.0004940764373486672,0.9999999551669742,0.9998826657415166,0.015,0.9999,True,False,True,False,False
128,23,3072,3.911859889300199e-06,1.5139576149140173e-05,1.4644349903368162e-05,1285,3.911859889300199e-06,1.5139576149140173e-05,1.4644349903368162e-05,1285,31743,0,0,5.013283453732412e-06,1.5138648450360725e-05,1.3830605894374001e-05,NA,NA,64,64,64,0.023649624343557774,0.015468385993852559,0.0005239480030220456,0.015468385993852559,0.015523787970104981,0.9999999555113507,0.9999999555113507,0.9998721082435067,0.0005239480030220456,0.015468389418779609,0.9998721079582426,0.0017037838661053684,0.0004930805042704378,0.9999999551669742,0.9998826657415166,0.015,0.9999,True,False,True,False,False
256,10,2816,0.0014584249715367834,0.002792809158563545,0.00265932863112535,1285,0.0014584249715367834,0.002792809158563545,0.00265932863112535,1285,31743,0,0,0.00057913306695063,0.002302169799804592,0.0018758773803711493,NA,NA,64,64,64,0.02597531347082486,0.018316228758403552,0.01337698904933846,0.018316228758403552,0.018793414630792156,0.999979011267449,0.999979011267449,0.9998501415754016,0.01337698904933846,0.01831611914719733,0.9998501412559773,0.01193184639851097,0.011765484168790863,0.9999833574327198,0.9998364438393472,0.015,0.9999,True,False,True,False,False
256,12,3328,0.00036808922963854277,0.0007021357305347022,0.0006571356207131555,1285,0.00036808922963854277,0.0007021357305347022,0.0006571356207131555,1285,31743,0,0,0.00013637096576998799,0.0005345344543456512,0.00045323371887213466,NA,NA,64,64,64,0.02379488062184194,0.015367533456468636,0.002552392283509355,0.015367533456468636,0.01587269186166435,0.9999988852878885,0.9999988852878885,0.9998705243556087,0.002552392283509355,0.015367538580080694,0.9998705240693512,0.0030179663575609084,0.0025219422896043397,0.9999978958806863,0.9998791787757099,0.015,0.9999,True,False,True,False,False
256,14,3840,8.189523820099021e-05,0.00016605673590669014,0.00015575291763516384,1285,8.189523820099021e-05,0.00016605673590669014,0.00015575291763516384,1285,31743,0,0,3.2466863882103836e-05,0.00012099742889400806,0.00010281801223760445,NA,NA,64,64,64,0.023588380123657732,0.015456734259800665,0.0013282071966964476,0.015456734259800665,0.015533734788222633,0.9999997430112066,0.9999997430112066,0.999872079362941,0.0013282071966964476,0.015456737682900139,0.999872079077996,0.0015044019971810485,0.001196128305309685,0.9999998355036437,0.9998826649637227,0.015,0.9999,True,False,True,False,False
256,15,4096,3.7057225999317636e-05,7.29701714589503e-05,7.185260619730935e-05,1285,3.7057225999317636e-05,7.29701714589503e-05,7.185260619730935e-05,1285,31743,0,0,1.704853198345259e-05,6.696581840504825e-05,5.313754081732992e-05,8.76765e-05,validated by bin-local FP32 mantissa interval enumeration with endpoint RNE and interpolation truncation,64,64,64,0.023464997651359544,0.01535299305744792,0.0010507914128363204,0.01535299305744792,0.015552799134726595,0.9999998846405935,0.9999998846405935,0.9998738529362103,0.0010507914128363204,0.01535299646427556,0.9998738526563294,0.001344288310065167,0.000956693991611246,0.9999998761199628,0.9998827216433631,0.015,0.9999,True,False,True,True,True
256,16,4352,1.3355690148074618e-05,3.0457971661235206e-05,2.8724865842395087e-05,1285,1.3355690148074618e-05,3.0457971661235206e-05,2.8724865842395087e-05,1285,31743,0,0,8.853622823243937e-06,3.5822391510096177e-05,2.850592136372637e-05,NA,NA,64,64,64,0.02363847288421298,0.015367654531535158,0.0008895489827072863,0.015367654531535158,0.015540754998281432,0.9999999509094382,0.9999999509094382,0.9998735717689071,0.0008895489827072863,0.015367657940662452,0.9998735714886717,0.0013236929262347985,0.000839304919281858,0.9999999343616718,0.9998827216433631,0.015,0.9999,True,False,True,False,False
256,18,4864,2.5150855467408054e-06,9.665681318463445e-06,9.250092261904488e-06,1285,2.5150855467408054e-06,9.665681318463445e-06,9.250092261904488e-06,1285,31743,0,0,3.1183805037762576e-06,9.261071681883509e-06,8.07642936713536e-06,NA,NA,64,64,64,0.023650212113785395,0.015468015377879979,0.0005239480030220456,0.015468015377879979,0.015528554165918279,0.9999999555114755,0.9999999555114755,0.999872085911553,0.0005239480030220456,0.015468018802748899,0.9998720856263986,0.001699479758826783,0.0004899869109067367,0.9999999690215489,0.9998827216433631,0.015,0.9999,True,False,True,False,False
256,20,5376,7.541766080052041e-07,2.756936737500167e-06,2.6395636042160665e-06,1285,7.541766080052041e-07,2.756936737500167e-06,2.6395636042160665e-06,1285,31743,0,0,1.6265251996989297e-06,4.088506102534846e-06,3.745779395084156e-06,NA,NA,64,64,64,0.02364166577768337,0.015469014724029655,0.0005239353003479347,0.015469014724029655,0.015533784383524022,0.9999999555114755,0.9999999555114755,0.9998721010900357,0.0005239353003479347,0.015469018149055323,0.9998721008050212,0.001699479758826783,0.0004884303125436418,0.9999999802221639,0.9998827271454931,0.015,0.9999,True,False,True,False,False
256,23,6144,1.1644881459429412e-07,3.5528438497426456e-07,3.252612544564656e-07,1285,1.1644881459429412e-07,3.5528438497426456e-07,3.252612544564656e-07,1285,31743,0,0,1.2219360217559267e-06,3.829598426874359e-06,3.5958364605632575e-06,NA,NA,64,64,64,0.02364186963000432,0.015469014724029655,0.0005239353003479347,0.015469014724029655,0.015533784383524022,0.9999999555114755,0.9999999555114755,0.9998721010900357,0.0005239353003479347,0.015469018149055323,0.9998721008050212,0.001699479758826783,0.0004884303125436418,0.9999999802221639,0.9998827271454931,0.015,0.9999,True,False,True,False,False
