workload,sequence_length,head_dimension,seed,model,model_role,lut_entries,lut_q_bits,lut_input_scale,lut_output_scale,probability_mae,probability_stable_relative_error,probability_cosine_similarity,output_mae,output_stable_relative_error,output_cosine_similarity,probability_sum,probability_sum_error,tile_size,tile_count,merge_count,tile_lengths,final_m,final_l,reciprocal_overflow_count,reciprocal_unsupported_count,ab_probability_mae,ab_probability_stable_relative_error,ab_probability_cosine_similarity,ab_output_mae,ab_output_stable_relative_error,ab_output_cosine_similarity,ab_probability_sum_error,optimized_vs_fp32_probability_mae,optimized_vs_fp32_probability_stable_relative_error,optimized_vs_fp32_probability_cosine_similarity,optimized_vs_fp32_output_mae,optimized_vs_fp32_output_stable_relative_error,optimized_vs_fp32_output_cosine_similarity,optimized_vs_fp32_probability_sum_error
random_scores,128,64,4281248938,fp32,primary,NA,NA,NA,NA,5.015804518857761e-10,6.420229784137935e-08,0.9999999999999984,1.3535497507164655e-08,1.2867584973658042e-07,0.9999999999999916,1.0000000153086148,1.5308614820241928e-08,32,4,3,"[6.930357456207275, 4.679684162139893, 8.659648895263672, 6.518242359161377]",2.418109893798828,18.526039123535156,0,0,NA,NA,NA,NA,NA,NA,NA,NA,NA,NA,NA,NA,NA,NA
random_scores,128,64,4281248938,fp16,primary,NA,NA,NA,NA,7.481308706936707e-06,0.0009576075144878985,0.9999998651505206,0.00012322185034414738,0.0011714143710457728,0.999999507826621,1.0009007453918457,0.0009007453918457031,32,4,3,"[6.92578125, 4.67578125, 8.6484375, 6.5234375]",2.41796875,18.515625,0,0,NA,NA,NA,NA,NA,NA,NA,NA,NA,NA,NA,NA,NA,NA
random_scores,128,64,4281248938,mixed,primary,256,14,32.0,16384,6.879527914752475e-05,0.008805795730883168,0.999948684851958,0.0009889534944997177,0.00940153335238347,0.999955598227593,0.9997424252214842,0.00025757477851584554,32,4,3,"[6.92987060546875, 4.6751708984375, 8.682373046875, 6.51171875]",2.41796875,18.560163497924805,0,0,NA,NA,NA,NA,NA,NA,NA,NA,NA,NA,NA,NA,NA,NA
random_scores,128,64,4281248938,mixed_exact_exp,diagnostic,256,14,32.0,16384,3.392141034360403e-06,0.00043419405239813157,0.9999999133975812,5.714545596693655e-05,0.0005432559904974059,0.9999998931448968,0.9997462347964756,0.0002537652035243809,32,4,3,"[6.930333137512207, 4.680022239685059, 8.659154891967773, 6.520475387573242]",2.41796875,18.527584075927734,0,0,NA,NA,NA,NA,NA,NA,NA,NA,NA,NA,NA,NA,NA,NA
random_scores,128,64,4281248938,mixed_rtl_exact,diagnostic,256,14,32.0,16384,6.879527914752475e-05,0.008805795730883168,0.999948684851958,0.0009889534944997177,0.00940153335238347,0.999955598227593,0.9997424252214842,0.00025757477851584554,32,4,3,"[6.92987060546875, 4.6751708984375, 8.682373046875, 6.51171875]",2.41796875,18.560161590576172,0,0,NA,NA,NA,NA,NA,NA,NA,NA,NA,NA,NA,NA,NA,NA
random_scores,128,64,4281248938,mixed_rtl_reciprocal,diagnostic,256,14,32.0,16384,6.877633255389742e-05,0.00880337056689887,0.999948715031306,0.0009882601393948318,0.00939494193915738,0.9999555874411907,0.9997714042547159,0.0002285957452841103,32,4,3,"[6.92987060546875, 4.6751708984375, 8.682373046875, 6.51171875]",2.41796875,18.560161590576172,0,0,2.2639869712293148e-07,2.8986499422904033e-05,0.9999999933494615,1.1530835763551295e-05,0.00010947988664135758,0.9999999941831397,2.897903323173523e-05,6.877621399326017e-05,0.008803355256370127,0.9999487153223031,0.0009882617887342349,0.009394957414080437,0.999955587453086,0.00022861105389893055
random_scores,128,128,2904950224,fp32,primary,NA,NA,NA,NA,5.357523414084078e-10,6.857629970027621e-08,0.999999999999998,1.489267562134553e-08,1.294446201697404e-07,0.9999999999999921,0.9999999669671524,3.3032847568392754e-08,32,4,3,"[7.153652667999268, 4.346728801727295, 6.4297051429748535, 6.519138813018799]",2.6776676177978516,16.064563751220703,0,0,NA,NA,NA,NA,NA,NA,NA,NA,NA,NA,NA,NA,NA,NA
random_scores,128,128,2904950224,fp16,primary,NA,NA,NA,NA,5.1868924264542795e-06,0.0006639222305861479,0.9999996450893366,0.00013883935275640018,0.0012067681952600722,0.9999993283428312,1.0001888275146484,0.0001888275146484375,32,4,3,"[7.140625, 4.34765625, 6.42578125, 6.5078125]",2.677734375,16.0625,0,0,NA,NA,NA,NA,NA,NA,NA,NA,NA,NA,NA,NA,NA,NA
random_scores,128,128,2904950224,mixed,primary,256,14,32.0,16384,5.38699880485692e-05,0.006895358470216858,0.9999664095069715,0.0008783712237698067,0.0076346542635996805,0.9999734110205188,1.0001403630012646,0.00014036300126463175,32,4,3,"[7.1651611328125, 4.34918212890625, 6.4476318359375, 6.52703857421875]",2.677734375,16.01743507385254,0,0,NA,NA,NA,NA,NA,NA,NA,NA,NA,NA,NA,NA,NA,NA
random_scores,128,128,2904950224,mixed_exact_exp,diagnostic,256,14,32.0,16384,3.686971576578074e-06,0.0004719323618019935,0.9999998883413629,4.996783181865989e-05,0.0004343119513864439,0.9999999119860581,1.0000285483838525,2.854838385246694e-05,32,4,3,"[7.150312900543213, 4.346209526062012, 6.430081844329834, 6.513937473297119]",2.677734375,16.063457489013672,0,0,NA,NA,NA,NA,NA,NA,NA,NA,NA,NA,NA,NA,NA,NA
random_scores,128,128,2904950224,mixed_rtl_exact,diagnostic,256,14,32.0,16384,5.38699880485692e-05,0.006895358470216858,0.9999664095069715,0.0008783712237698067,0.0076346542635996805,0.9999734110205188,1.0001403630012646,0.00014036300126463175,32,4,3,"[7.1651611328125, 4.34918212890625, 6.4476318359375, 6.52703857421875]",2.677734375,16.01743507385254,0,0,NA,NA,NA,NA,NA,NA,NA,NA,NA,NA,NA,NA,NA,NA
random_scores,128,128,2904950224,mixed_rtl_reciprocal,diagnostic,256,14,32.0,16384,5.3436079040289756e-05,0.00683981811715709,0.9999666924870811,0.0008749812562776154,0.007605189238941148,0.9999734751262997,1.0001959033543244,0.00019590335432440042,32,4,3,"[7.1651611328125, 4.34918212890625, 6.4476318359375, 6.52703857421875]",2.677734375,16.01743507385254,0,0,4.339090082794428e-07,5.553255834321172e-05,0.999999961338093,3.0505409085890278e-05,0.00026489306964791833,0.9999999723591073,5.554035305976868e-05,5.343603947949305e-05,0.006839813279313619,0.9999666925681743,0.000874981236847816,0.0076051893722358125,0.9999734752212524,0.00019593638717196882
random_scores,256,64,653177637,fp32,primary,NA,NA,NA,NA,3.3033627858411194e-10,8.456608731753266e-08,0.9999999999999978,1.1133311228456659e-08,1.2652938216652886e-07,0.9999999999999946,0.9999999397696229,6.02303771302104e-08,32,8,7,"[5.065628528594971, 3.3098702430725098, 7.024957656860352, 7.211015701293945, 7.827442169189453, 9.462767601013184, 5.3614091873168945, 6.111082553863525]",2.953838348388672,21.615345001220703,0,0,NA,NA,NA,NA,NA,NA,NA,NA,NA,NA,NA,NA,NA,NA
random_scores,256,64,653177637,fp16,primary,NA,NA,NA,NA,2.355505877449913e-06,0.0006030095046271778,0.9999996975633622,8.782207683208057e-05,0.0009980923818730776,0.9999994295019693,0.9998966455459595,0.00010335445404052734,32,8,7,"[5.0625, 3.3125, 7.015625, 7.21875, 7.82421875, 9.4609375, 5.36328125, 6.11328125]",2.953125,21.640625,0,0,NA,NA,NA,NA,NA,NA,NA,NA,NA,NA,NA,NA,NA,NA
random_scores,256,64,653177637,mixed,primary,256,14,32.0,16384,3.306769951845407e-05,0.008465331076724241,0.9999617482211329,0.0006610088044184368,0.0075123235049717385,0.9999700300232923,1.000183013471542,0.00018301347154192626,32,8,7,"[5.0638427734375, 3.321044921875, 7.04534912109375, 7.22998046875, 7.84722900390625, 9.486083984375, 5.36065673828125, 6.113525390625]",2.953125,21.680885314941406,0,0,NA,NA,NA,NA,NA,NA,NA,NA,NA,NA,NA,NA,NA,NA
random_scores,256,64,653177637,mixed_exact_exp,diagnostic,256,14,32.0,16384,2.3030692081295072e-06,0.0005895857172811539,0.9999998195692087,4.4963212737657226e-05,0.0005110040859521201,0.9999998877725563,1.0003125189978164,0.00031251899781636894,32,8,7,"[5.0658087730407715, 3.311333179473877, 7.021844387054443, 7.212270736694336, 7.830413818359375, 9.465967178344727, 5.363008975982666, 6.111422061920166]",2.953125,21.62881851196289,0,0,NA,NA,NA,NA,NA,NA,NA,NA,NA,NA,NA,NA,NA,NA
random_scores,256,64,653177637,mixed_rtl_exact,diagnostic,256,14,32.0,16384,3.306769951845407e-05,0.008465331076724241,0.9999617482211329,0.0006610088044184368,0.0075123235049717385,0.9999700300232923,1.000183013471542,0.00018301347154192626,32,8,7,"[5.0638427734375, 3.321044921875, 7.04534912109375, 7.22998046875, 7.84722900390625, 9.486083984375, 5.36065673828125, 6.113525390625]",2.953125,21.680879592895508,0,0,NA,NA,NA,NA,NA,NA,NA,NA,NA,NA,NA,NA,NA,NA
random_scores,256,64,653177637,mixed_rtl_reciprocal,diagnostic,256,14,32.0,16384,3.306771475249032e-05,0.008465334976637522,0.999961742628244,0.0006581583816218848,0.007479928629093367,0.9999701936825225,1.000190792052308,0.00019079205230809748,32,8,7,"[5.0638427734375, 3.321044921875, 7.04534912109375, 7.22998046875, 7.84722900390625, 9.486083984375, 5.36065673828125, 6.113525390625]",2.953125,21.680879592895508,0,0,1.6584885997872334e-07,4.244953931699741e-05,0.9999999773573754,1.6884652723092586e-05,0.00019213021533827222,0.9999999823181617,7.778580766171217e-06,3.3067698211652896e-05,0.008465331252053235,0.9999617426561094,0.0006581569541594945,0.007479912922714068,0.9999701937059702,0.0001908522826852277
random_scores,256,128,4018679175,fp32,primary,NA,NA,NA,NA,3.4122961022654305e-10,8.735478021799503e-08,0.9999999999999947,9.851321525113443e-09,1.4291820358353604e-07,0.99999999999999,1.000000037092832,3.7092831917107105e-08,32,8,7,"[7.620113372802734, 11.355358123779297, 6.655353546142578, 10.351326942443848, 6.88498592376709, 7.200949192047119, 6.252986431121826, 9.41059398651123]",2.1729719638824463,47.27865219116211,0,0,NA,NA,NA,NA,NA,NA,NA,NA,NA,NA,NA,NA,NA,NA
random_scores,256,128,4018679175,fp16,primary,NA,NA,NA,NA,3.3127509149050436e-06,0.0008480642342156913,0.9999997220765503,0.00011217354140438106,0.0016273594345945304,0.9999992417449798,1.000712513923645,0.0007125139236450195,32,8,7,"[7.6171875, 11.34375, 6.65625, 10.34375, 6.87890625, 7.19921875, 6.25, 9.4140625]",2.173828125,47.1875,0,0,NA,NA,NA,NA,NA,NA,NA,NA,NA,NA,NA,NA,NA,NA
random_scores,256,128,4018679175,mixed,primary,256,14,32.0,16384,3.5053535498445694e-05,0.0089737050876021,0.9999474020284818,0.0007231255779923758,0.01049075581469121,0.9999372253931762,1.0002468982420396,0.000246898242039606,32,8,7,"[7.630859375, 11.332763671875, 6.6517333984375, 10.32708740234375, 6.88092041015625, 7.183837890625, 6.27276611328125, 9.41412353515625]",2.173828125,47.356258392333984,0,0,NA,NA,NA,NA,NA,NA,NA,NA,NA,NA,NA,NA,NA,NA
random_scores,256,128,4018679175,mixed_exact_exp,diagnostic,256,14,32.0,16384,1.9537270125061447e-06,0.0005001541152015732,0.9999998203323442,4.74796713499101e-05,0.0006888120866593778,0.9999998104684781,0.9997185671672923,0.00028143283270765096,32,8,7,"[7.622569561004639, 11.354764938354492, 6.659359455108643, 10.347555160522461, 6.883027076721191, 7.19505500793457, 6.2540154457092285, 9.413002967834473]",2.173828125,47.239078521728516,0,0,NA,NA,NA,NA,NA,NA,NA,NA,NA,NA,NA,NA,NA,NA
random_scores,256,128,4018679175,mixed_rtl_exact,diagnostic,256,14,32.0,16384,3.5053535498445694e-05,0.0089737050876021,0.9999474020284818,0.0007231255779923758,0.01049075581469121,0.9999372253931762,1.0002468982420396,0.000246898242039606,32,8,7,"[7.630859375, 11.332763671875, 6.6517333984375, 10.32708740234375, 6.88092041015625, 7.183837890625, 6.27276611328125, 9.41412353515625]",2.173828125,47.35624313354492,0,0,NA,NA,NA,NA,NA,NA,NA,NA,NA,NA,NA,NA,NA,NA
random_scores,256,128,4018679175,mixed_rtl_reciprocal,diagnostic,256,14,32.0,16384,3.4950029544415724e-05,0.008947207563370427,0.9999478286934009,0.000719065443642392,0.010431853351084854,0.9999378723878501,1.0002774321183097,0.00027743211830966175,32,8,7,"[7.630859375, 11.332763671875, 6.6517333984375, 10.32708740234375, 6.88092041015625, 7.183837890625, 6.27276611328125, 9.41412353515625]",2.173828125,47.35624313354492,0,0,1.1927295417990535e-07,3.0526339370529284e-05,0.99999998018753,1.466733192501124e-05,0.00021293092729123163,0.9999999808111363,3.053387627005577e-05,3.495006927778377e-05,0.008947217403235013,0.9999478287218486,0.0007190670012278133,0.010431875603897434,0.9999378723770077,0.00027739502547774464
random_scores,512,64,1909759386,fp32,primary,NA,NA,NA,NA,1.8977248323496704e-10,9.716351141630312e-08,0.9999999999999948,9.16568764598586e-09,1.8578253086225265e-07,0.9999999999999833,0.9999999546998879,4.530011210590601e-08,32,16,15,"[5.481416702270508, 5.508682727813721, 5.711916446685791, 6.420799732208252, 9.088866233825684, 3.4327991008758545, 8.108023643493652, 7.5763468742370605, 8.783218383789062, 4.622342586517334, 10.997854232788086, 7.84526252746582, 7.956825256347656, 11.015686988830566, 5.328744888305664, 5.663087844848633]",3.189426898956299,33.8310661315918,0,0,NA,NA,NA,NA,NA,NA,NA,NA,NA,NA,NA,NA,NA,NA
random_scores,512,64,1909759386,fp16,primary,NA,NA,NA,NA,1.7541801966051125e-06,0.0008981402606618176,0.999999599899945,9.248903083897727e-05,0.001874692536984654,0.9999981867354154,0.9992825388908386,0.000717461109161377,32,16,15,"[5.48046875, 5.51171875, 5.70703125, 6.42578125, 9.0859375, 3.439453125, 8.109375, 7.57421875, 8.78125, 4.6171875, 11.0, 7.84765625, 7.9609375, 11.0234375, 5.328125, 5.65625]",3.189453125,33.84375,0,0,NA,NA,NA,NA,NA,NA,NA,NA,NA,NA,NA,NA,NA,NA
random_scores,512,64,1909759386,mixed,primary,256,14,32.0,16384,1.780438536221685e-05,0.009115845305455027,0.9999557139003283,0.0004468853107294169,0.009058074771818745,0.9999564893940941,1.0002795801920001,0.0002795801920001395,32,16,15,"[5.48040771484375, 5.50933837890625, 5.707275390625, 6.42523193359375, 9.09259033203125, 3.43701171875, 8.116455078125, 7.5889892578125, 8.79913330078125, 4.6121826171875, 11.02960205078125, 7.834716796875, 7.97442626953125, 11.03350830078125, 5.33355712890625, 5.6563720703125]",3.189453125,33.995460510253906,0,0,NA,NA,NA,NA,NA,NA,NA,NA,NA,NA,NA,NA,NA,NA
random_scores,512,64,1909759386,mixed_exact_exp,diagnostic,256,14,32.0,16384,1.11385046842436e-06,0.0005702914398332723,0.9999998693881991,3.1267844166014595e-05,0.0006337788770614271,0.9999998316351512,0.9995731813687598,0.0004268186312401667,32,16,15,"[5.4801459312438965, 5.512050151824951, 5.708513259887695, 6.4226484298706055, 9.08719539642334, 3.4327123165130615, 8.107604026794434, 7.574263095855713, 8.784934997558594, 4.620415687561035, 10.997684478759766, 7.84788703918457, 7.958812713623047, 11.01803970336914, 5.330832004547119, 5.658583164215088]",3.189453125,33.830780029296875,0,0,NA,NA,NA,NA,NA,NA,NA,NA,NA,NA,NA,NA,NA,NA
random_scores,512,64,1909759386,mixed_rtl_exact,diagnostic,256,14,32.0,16384,1.780438536221685e-05,0.009115845305455027,0.9999557139003283,0.0004468853107294169,0.009058074771818745,0.9999564893940941,1.0002795801920001,0.0002795801920001395,32,16,15,"[5.48040771484375, 5.50933837890625, 5.707275390625, 6.42523193359375, 9.09259033203125, 3.43701171875, 8.116455078125, 7.5889892578125, 8.79913330078125, 4.6121826171875, 11.02960205078125, 7.834716796875, 7.97442626953125, 11.03350830078125, 5.33355712890625, 5.6563720703125]",3.189453125,33.99544906616211,0,0,NA,NA,NA,NA,NA,NA,NA,NA,NA,NA,NA,NA,NA,NA
random_scores,512,64,1909759386,mixed_rtl_reciprocal,diagnostic,256,14,32.0,16384,1.7815283240372296e-05,0.009121425019070616,0.999955646823714,0.0004462727398004509,0.009045658357261373,0.9999566244500018,1.0002848722724593,0.00028487227245932445,32,16,15,"[5.48040771484375, 5.50933837890625, 5.707275390625, 6.42523193359375, 9.09259033203125, 3.43701171875, 8.116455078125, 7.5889892578125, 8.79913330078125, 4.6121826171875, 11.02960205078125, 7.834716796875, 7.97442626953125, 11.03350830078125, 5.33355712890625, 5.6563720703125]",3.189453125,33.99544906616211,0,0,1.089787815544696e-08,5.578154074201772e-06,0.9999999982870075,3.6279161577112973e-06,7.350053709998201e-05,0.9999999974414413,5.292080459184945e-06,1.7815310243918248e-05,0.009121439258088363,0.9999556466807964,0.0004462755750864744,0.009045716373773374,0.9999566240630479,0.00028491757257143036
random_scores,512,128,579359386,fp32,primary,NA,NA,NA,NA,1.7312778384611092e-10,8.864142532920879e-08,0.9999999999999959,1.0755560710090284e-08,1.7990035036144247e-07,0.9999999999999832,1.0000000098953024,9.89530235528946e-09,32,16,15,"[2.6378469467163086, 6.865041732788086, 7.007930755615234, 6.850562572479248, 4.6536865234375, 8.242754936218262, 8.725038528442383, 10.165277481079102, 4.640539169311523, 10.234612464904785, 7.128459930419922, 8.309595108032227, 8.594202041625977, 6.912184715270996, 4.3228044509887695, 7.9917120933532715]",3.3762264251708984,28.99759864807129,0,0,NA,NA,NA,NA,NA,NA,NA,NA,NA,NA,NA,NA,NA,NA
random_scores,512,128,579359386,fp16,primary,NA,NA,NA,NA,1.3914272408289287e-06,0.0007124107473044115,0.9999996688376109,8.725134524193264e-05,0.0014593890547989013,0.9999988079448456,1.000102937221527,0.00010293722152709961,32,16,15,"[2.63671875, 6.8671875, 7.015625, 6.8515625, 4.65625, 8.2578125, 8.71875, 10.1640625, 4.640625, 10.234375, 7.1328125, 8.3125, 8.59375, 6.91796875, 4.31640625, 8.0]",3.376953125,28.984375,0,0,NA,NA,NA,NA,NA,NA,NA,NA,NA,NA,NA,NA,NA,NA
random_scores,512,128,579359386,mixed,primary,256,14,32.0,16384,1.9342112999065385e-05,0.009903161855521477,0.9999484668290403,0.0005497416274014473,0.009195123717260832,0.999956809343617,1.0001459351260564,0.000145935126056429,32,16,15,"[2.64013671875, 6.8612060546875, 6.9954833984375, 6.83880615234375, 4.65972900390625, 8.251953125, 8.73553466796875, 10.171630859375, 4.640380859375, 10.22735595703125, 7.13128662109375, 8.3135986328125, 8.58160400390625, 6.9228515625, 4.30987548828125, 7.9801025390625]",3.376953125,28.966068267822266,0,0,NA,NA,NA,NA,NA,NA,NA,NA,NA,NA,NA,NA,NA,NA
random_scores,512,128,579359386,mixed_exact_exp,diagnostic,256,14,32.0,16384,1.1404601188423108e-06,0.0005839155808472631,0.999999759524788,4.529679415801757e-05,0.0007576461477859203,0.9999997384473306,1.0000578610925004,5.786109250038862e-05,32,16,15,"[2.6366803646087646, 6.863064289093018, 7.010796546936035, 6.853205680847168, 4.653302192687988, 8.244729042053223, 8.7249755859375, 10.168681144714355, 4.641410827636719, 10.234204292297363, 7.12864875793457, 8.306636810302734, 8.596400260925293, 6.912847995758057, 4.319734573364258, 7.995359897613525]",3.376953125,28.976890563964844,0,0,NA,NA,NA,NA,NA,NA,NA,NA,NA,NA,NA,NA,NA,NA
random_scores,512,128,579359386,mixed_rtl_exact,diagnostic,256,14,32.0,16384,1.9342112999065385e-05,0.009903161855521477,0.9999484668290403,0.0005497416274014473,0.009195123717260832,0.999956809343617,1.0001459351260564,0.000145935126056429,32,16,15,"[2.64013671875, 6.8612060546875, 6.9954833984375, 6.83880615234375, 4.65972900390625, 8.251953125, 8.73553466796875, 10.171630859375, 4.640380859375, 10.22735595703125, 7.13128662109375, 8.3135986328125, 8.58160400390625, 6.9228515625, 4.30987548828125, 7.9801025390625]",3.376953125,28.96605682373047,0,0,NA,NA,NA,NA,NA,NA,NA,NA,NA,NA,NA,NA,NA,NA
random_scores,512,128,579359386,mixed_rtl_reciprocal,diagnostic,256,14,32.0,16384,1.9326562769914238e-05,0.00989520013819609,0.9999487574831548,0.0005478396447873752,0.009163310653500062,0.999957195591093,1.0001517149721622,0.00015171497216215357,32,16,15,"[2.64013671875, 6.8612060546875, 6.9954833984375, 6.83880615234375, 4.65972900390625, 8.251953125, 8.73553466796875, 10.171630859375, 4.640380859375, 10.22735595703125, 7.13128662109375, 8.3135986328125, 8.58160400390625, 6.9228515625, 4.30987548828125, 7.9801025390625]",3.376953125,28.96605682373047,0,0,6.578568445547717e-08,3.3677355732050306e-05,0.9999999813104832,1.1473490303615108e-05,0.00019223386807663777,0.9999999817366902,5.779846105724573e-06,1.9326564924426748e-05,0.009895201143390488,0.9999487574585981,0.0005478397961269366,0.009163312706550991,0.9999571957286536,0.00015170507685979828
random_scores,1024,64,3709552661,fp32,primary,NA,NA,NA,NA,1.174538803844882e-10,1.202727735137159e-07,0.9999999999999916,7.963626659625794e-09,1.8183040795242158e-07,0.9999999999999829,1.000000030708179,3.070817911066115e-08,32,32,31,"[7.216175079345703, 5.787357330322266, 3.6773359775543213, 5.295131683349609, 3.781944513320923, 3.1735622882843018, 7.622137069702148, 9.288195610046387, 6.949194431304932, 8.895180702209473, 4.924047470092773, 11.09589958190918, 10.848454475402832, 6.624293804168701, 3.6166110038757324, 3.9584362506866455, 5.9719696044921875, 5.19589376449585, 4.843528747558594, 2.607356071472168, 8.7509126663208, 4.993508338928223, 5.243253231048584, 1.961862325668335, 7.855454921722412, 5.923482894897461, 5.635227680206299, 8.545511245727539, 8.913230895996094, 6.756505966186523, 6.364317417144775, 7.764787673950195]",3.965156316757202,32.817665100097656,0,0,NA,NA,NA,NA,NA,NA,NA,NA,NA,NA,NA,NA,NA,NA
random_scores,1024,64,3709552661,fp16,primary,NA,NA,NA,NA,1.0572932885930188e-06,0.0010826683275192513,0.999999645019618,6.587361228918891e-05,0.0015040667158052966,0.9999990788163301,0.9992121458053589,0.0007878541946411133,32,32,31,"[7.21875, 5.79296875, 3.67578125, 5.30078125, 3.78125, 3.173828125, 7.62890625, 9.28125, 6.94140625, 8.8984375, 4.92578125, 11.1015625, 10.84375, 6.62890625, 3.626953125, 3.958984375, 5.9609375, 5.1875, 4.84375, 2.607421875, 8.7578125, 4.98828125, 5.2421875, 1.9619140625, 7.85546875, 5.92578125, 5.62890625, 8.546875, 8.9140625, 6.75390625, 6.375, 7.76171875]",3.96484375,32.84375,0,0,NA,NA,NA,NA,NA,NA,NA,NA,NA,NA,NA,NA,NA,NA
random_scores,1024,64,3709552661,mixed,primary,256,14,32.0,16384,1.0202627941706821e-05,0.010447491012307785,0.9999517467658171,0.00042154332422424416,0.009624935709494442,0.9999516876109857,1.0000680551038386,6.805510383856017e-05,32,32,31,"[7.2220458984375, 5.80523681640625, 3.68267822265625, 5.29132080078125, 3.7823486328125, 3.17620849609375, 7.6226806640625, 9.276123046875, 6.94927978515625, 8.92303466796875, 4.93145751953125, 11.11407470703125, 10.87823486328125, 6.64031982421875, 3.6268310546875, 3.955810546875, 5.97784423828125, 5.1990966796875, 4.8382568359375, 2.604736328125, 8.76141357421875, 4.9910888671875, 5.24847412109375, 1.963623046875, 7.84356689453125, 5.92755126953125, 5.62542724609375, 8.52587890625, 8.890869140625, 6.75054931640625, 6.39208984375, 7.76934814453125]",3.96484375,32.88688659667969,0,0,NA,NA,NA,NA,NA,NA,NA,NA,NA,NA,NA,NA,NA,NA
random_scores,1024,64,3709552661,mixed_exact_exp,diagnostic,256,14,32.0,16384,8.66585585418168e-07,0.000887383639468204,0.9999997717682038,3.2297252250807854e-05,0.0007374306711639103,0.9999998444671471,1.0007610446009494,0.0007610446009493899,32,32,31,"[7.214601993560791, 5.791831016540527, 3.6756341457366943, 5.296152114868164, 3.7818682193756104, 3.1743204593658447, 7.622382640838623, 9.289552688598633, 6.951984882354736, 8.89494800567627, 4.926138401031494, 11.095982551574707, 10.849203109741211, 6.626710414886475, 3.6192169189453125, 3.957488775253296, 5.967103481292725, 5.194676876068115, 4.842547416687012, 2.607196807861328, 8.749664306640625, 4.992305755615234, 5.241506099700928, 1.9621901512145996, 7.854219436645508, 5.9198737144470215, 5.634158134460449, 8.546010971069336, 8.913854598999023, 6.759078502655029, 6.369052410125732, 7.766336441040039]",3.96484375,32.826904296875,0,0,NA,NA,NA,NA,NA,NA,NA,NA,NA,NA,NA,NA,NA,NA
random_scores,1024,64,3709552661,mixed_rtl_exact,diagnostic,256,14,32.0,16384,1.0202627941706821e-05,0.010447491012307785,0.9999517467658171,0.00042154332422424416,0.009624935709494442,0.9999516876109857,1.0000680551038386,6.805510383856017e-05,32,32,31,"[7.2220458984375, 5.80523681640625, 3.68267822265625, 5.29132080078125, 3.7823486328125, 3.17620849609375, 7.6226806640625, 9.276123046875, 6.94927978515625, 8.92303466796875, 4.93145751953125, 11.11407470703125, 10.87823486328125, 6.64031982421875, 3.6268310546875, 3.955810546875, 5.97784423828125, 5.1990966796875, 4.8382568359375, 2.604736328125, 8.76141357421875, 4.9910888671875, 5.24847412109375, 1.963623046875, 7.84356689453125, 5.92755126953125, 5.62542724609375, 8.52587890625, 8.890869140625, 6.75054931640625, 6.39208984375, 7.76934814453125]",3.96484375,32.88686752319336,0,0,NA,NA,NA,NA,NA,NA,NA,NA,NA,NA,NA,NA,NA,NA
random_scores,1024,64,3709552661,mixed_rtl_reciprocal,diagnostic,256,14,32.0,16384,1.0197511028591377e-05,0.01044225129327757,0.999951745881974,0.00042201418600225664,0.009635686714387637,0.9999517564506021,1.0001003928464343,0.00010039284643426072,32,32,31,"[7.2220458984375, 5.80523681640625, 3.68267822265625, 5.29132080078125, 3.7823486328125, 3.17620849609375, 7.6226806640625, 9.276123046875, 6.94927978515625, 8.92303466796875, 4.93145751953125, 11.11407470703125, 10.87823486328125, 6.64031982421875, 3.6268310546875, 3.955810546875, 5.97784423828125, 5.1990966796875, 4.8382568359375, 2.604736328125, 8.76141357421875, 4.9910888671875, 5.24847412109375, 1.963623046875, 7.84356689453125, 5.92755126953125, 5.62542724609375, 8.52587890625, 8.890869140625, 6.75054931640625, 6.39208984375, 7.76934814453125]",3.96484375,32.88686752319336,0,0,3.5686877453144916e-08,3.654087571892899e-05,0.9999999934051101,4.819556124857627e-06,0.00011006226264234435,0.9999999933839444,3.233774259570055e-05,1.0197540460055166e-05,0.010442281110433051,0.9999517454350144,0.00042201602173008723,0.009635728498220027,0.9999517560126946,0.00010036213825515006
random_scores,1024,128,3663197735,fp32,primary,NA,NA,NA,NA,1.0146750743816243e-10,1.0390272761667834e-07,0.9999999999999923,7.387495826592541e-09,1.9229351906032446e-07,0.9999999999999796,1.0000000071322575,7.132257451303303e-09,32,32,31,"[4.593891620635986, 3.865432024002075, 4.884288311004639, 9.136126518249512, 2.8616621494293213, 5.735504150390625, 10.158113479614258, 8.01282787322998, 6.7947773933410645, 5.854045867919922, 5.323920726776123, 5.180534362792969, 7.111514568328857, 5.288372993469238, 9.017679214477539, 5.10492467880249, 7.604299068450928, 4.677797317504883, 8.780369758605957, 11.5999174118042, 7.119229316711426, 4.454607009887695, 5.49080228805542, 7.035643100738525, 4.375881671905518, 6.883458137512207, 6.653721809387207, 5.436474323272705, 3.513105630874634, 8.464560508728027, 9.316363334655762, 2.595688819885254]",3.31880521774292,60.280601501464844,0,0,NA,NA,NA,NA,NA,NA,NA,NA,NA,NA,NA,NA,NA,NA
random_scores,1024,128,3663197735,fp16,primary,NA,NA,NA,NA,8.679110228049428e-07,0.0008887408873522615,0.9999994443680421,5.7764524037728865e-05,0.0015035871240800412,0.9999989475772454,0.9998570680618286,0.00014293193817138672,32,32,31,"[4.5859375, 3.869140625, 4.88671875, 9.1328125, 2.86328125, 5.734375, 10.15625, 8.0078125, 6.8046875, 5.8515625, 5.31640625, 5.1796875, 7.1171875, 5.2890625, 9.015625, 5.09765625, 7.6015625, 4.67578125, 8.78125, 11.609375, 7.12109375, 4.453125, 5.48828125, 7.01953125, 4.375, 6.89453125, 6.65625, 5.4453125, 3.51171875, 8.4765625, 9.3125, 2.59765625]",3.318359375,60.34375,0,0,NA,NA,NA,NA,NA,NA,NA,NA,NA,NA,NA,NA,NA,NA
random_scores,1024,128,3663197735,mixed,primary,256,14,32.0,16384,9.399195025529188e-06,0.00962477570614189,0.9999410181343248,0.00043109444330168836,0.011221213452525088,0.9999340409130487,1.0004565322633425,0.00045653226334252395,32,32,31,"[4.58905029296875, 3.865234375, 4.88348388671875, 9.1112060546875, 2.8651123046875, 5.74212646484375, 10.184814453125, 8.00250244140625, 6.79864501953125, 5.843994140625, 5.32464599609375, 5.1920166015625, 7.107177734375, 5.281494140625, 9.00030517578125, 5.11199951171875, 7.6114501953125, 4.670166015625, 8.80194091796875, 11.63262939453125, 7.1309814453125, 4.45989990234375, 5.48431396484375, 7.03399658203125, 4.37200927734375, 6.89215087890625, 6.6595458984375, 5.43536376953125, 3.5072021484375, 8.47894287109375, 9.31097412109375, 2.59423828125]",3.318359375,61.15620040893555,0,0,NA,NA,NA,NA,NA,NA,NA,NA,NA,NA,NA,NA,NA,NA
random_scores,1024,128,3663197735,mixed_exact_exp,diagnostic,256,14,32.0,16384,1.131820659811486e-06,0.0011589843556469618,0.9999995144048652,5.327707820996798e-05,0.00138678072986097,0.999999395092842,1.0010243906608594,0.0010243906608593534,32,32,31,"[4.590431213378906, 3.8667898178100586, 4.882772445678711, 9.134842872619629, 2.861175298690796, 5.736569404602051, 10.157881736755371, 8.010937690734863, 6.800379276275635, 5.854397773742676, 5.32218074798584, 5.179567337036133, 7.111078262329102, 5.287297248840332, 9.01116943359375, 5.104465007781982, 7.60320520401001, 4.677570343017578, 8.7822904586792, 11.598151206970215, 7.119173526763916, 4.4525628089904785, 5.4909257888793945, 7.031914234161377, 4.3749260902404785, 6.88467264175415, 6.655257701873779, 5.440192222595215, 3.513270854949951, 8.46590518951416, 9.320502281188965, 2.5964527130126953]",3.318359375,60.309303283691406,0,0,NA,NA,NA,NA,NA,NA,NA,NA,NA,NA,NA,NA,NA,NA
random_scores,1024,128,3663197735,mixed_rtl_exact,diagnostic,256,14,32.0,16384,9.399195025529188e-06,0.00962477570614189,0.9999410181343248,0.00043109444330168836,0.011221213452525088,0.9999340409130487,1.0004565322633425,0.00045653226334252395,32,32,31,"[4.58905029296875, 3.865234375, 4.88348388671875, 9.1112060546875, 2.8651123046875, 5.74212646484375, 10.184814453125, 8.00250244140625, 6.79864501953125, 5.843994140625, 5.32464599609375, 5.1920166015625, 7.107177734375, 5.281494140625, 9.00030517578125, 5.11199951171875, 7.6114501953125, 4.670166015625, 8.80194091796875, 11.63262939453125, 7.1309814453125, 4.45989990234375, 5.48431396484375, 7.03399658203125, 4.37200927734375, 6.89215087890625, 6.6595458984375, 5.43536376953125, 3.5072021484375, 8.47894287109375, 9.31097412109375, 2.59423828125]",3.318359375,61.15615463256836,0,0,NA,NA,NA,NA,NA,NA,NA,NA,NA,NA,NA,NA,NA,NA
random_scores,1024,128,3663197735,mixed_rtl_reciprocal,diagnostic,256,14,32.0,16384,9.387160307517596e-06,0.00961245215489802,0.999941234007672,0.000431210505739571,0.011224234510693518,0.9999340508719691,1.0004867590178037,0.00048675901780370623,32,32,31,"[4.58905029296875, 3.865234375, 4.88348388671875, 9.1112060546875, 2.8651123046875, 5.74212646484375, 10.184814453125, 8.00250244140625, 6.79864501953125, 5.843994140625, 5.32464599609375, 5.1920166015625, 7.107177734375, 5.281494140625, 9.00030517578125, 5.11199951171875, 7.6114501953125, 4.670166015625, 8.80194091796875, 11.63262939453125, 7.1309814453125, 4.45989990234375, 5.48431396484375, 7.03399658203125, 4.37200927734375, 6.89215087890625, 6.6595458984375, 5.43536376953125, 3.5072021484375, 8.47894287109375, 9.31097412109375, 2.59423828125]",3.318359375,61.15615463256836,0,0,3.16717496673391e-08,3.2417072220003705e-05,0.9999999923261901,5.137644620845094e-06,0.00013384917468716888,0.9999999920642139,3.022675446118228e-05,9.387149640716075e-06,0.009612441163534855,0.9999412340578031,0.00043121075214003213,0.011224240667770948,0.9999340505658378,0.0004867518855462549
single_head_qktv,128,64,802923190,fp32,primary,NA,NA,NA,NA,6.243272737808359e-10,7.9913891043947e-08,0.9999999999999971,1.3978309689065727e-08,1.311919183960561e-07,0.9999999999999927,1.0000000452273525,4.5227352529764175e-08,32,4,3,"[13.012174606323242, 5.601654052734375, 9.031275749206543, 13.547703742980957]",2.0710110664367676,22.16718292236328,0,0,NA,NA,NA,NA,NA,NA,NA,NA,NA,NA,NA,NA,NA,NA
single_head_qktv,128,64,802923190,fp16,primary,NA,NA,NA,NA,5.536556995722953e-06,0.0007086792954525381,0.9999998385231553,0.00012905730813551718,0.0012112534500915812,0.9999993584677396,0.9994616508483887,0.0005383491516113281,32,4,3,"[13.015625, 5.61328125, 9.03125, 13.5390625]",2.0703125,22.1875,0,0,NA,NA,NA,NA,NA,NA,NA,NA,NA,NA,NA,NA,NA,NA
single_head_qktv,128,64,802923190,mixed,primary,256,14,32.0,16384,6.935146357926125e-05,0.008876987338145442,0.9999432777982823,0.0008888366831482096,0.008342080852180267,0.9999652585678731,1.0002697486779653,0.0002697486779652536,32,4,3,"[13.01220703125, 5.5966796875, 9.0506591796875, 13.54473876953125]",2.0703125,22.423236846923828,0,0,NA,NA,NA,NA,NA,NA,NA,NA,NA,NA,NA,NA,NA,NA
single_head_qktv,128,64,802923190,mixed_exact_exp,diagnostic,256,14,32.0,16384,4.949185158020979e-06,0.0006334957002266854,0.9999998492004101,6.396867797246344e-05,0.0006003711297819963,0.9999998896182922,0.9994630703004077,0.0005369296995922923,32,4,3,"[13.009114265441895, 5.604954242706299, 9.029372215270996, 13.545509338378906]",2.0703125,22.181238174438477,0,0,NA,NA,NA,NA,NA,NA,NA,NA,NA,NA,NA,NA,NA,NA
single_head_qktv,128,64,802923190,mixed_rtl_exact,diagnostic,256,14,32.0,16384,6.935146357926125e-05,0.008876987338145442,0.9999432777982823,0.0008888366831482096,0.008342080852180267,0.9999652585678731,1.0002697486779653,0.0002697486779652536,32,4,3,"[13.01220703125, 5.5966796875, 9.0506591796875, 13.54473876953125]",2.0703125,22.423234939575195,0,0,NA,NA,NA,NA,NA,NA,NA,NA,NA,NA,NA,NA,NA,NA
single_head_qktv,128,64,802923190,mixed_rtl_reciprocal,diagnostic,256,14,32.0,16384,6.905373139368886e-05,0.008838877618392176,0.9999444162493987,0.0008794299467947973,0.008253794942402819,0.9999661143017108,1.0003078583977185,0.00030785839771851897,32,4,3,"[13.01220703125, 5.5966796875, 9.0506591796875, 13.54473876953125]",2.0703125,22.423234939575195,0,0,2.977321855723858e-07,3.809944247902545e-05,0.9999999707150545,2.3238739231601357e-05,0.00021832492666122886,0.99999997852838,3.810971975326538e-05,6.9053655352036e-05,0.008838867485302033,0.9999444164321464,0.0008794281602604315,0.008253777890109185,0.9999661144242165,0.0003078131703659892
single_head_qktv,128,128,3807565415,fp32,primary,NA,NA,NA,NA,8.370558217332482e-10,1.0714314518185577e-07,0.9999999999999967,1.5353692348723505e-08,1.392103259785299e-07,0.9999999999999927,0.9999999192368705,8.076312951743603e-08,32,4,3,"[8.972551345825195, 3.7467517852783203, 9.05397891998291, 8.395185470581055]",2.903059482574463,11.562555313110352,0,0,NA,NA,NA,NA,NA,NA,NA,NA,NA,NA,NA,NA,NA,NA
single_head_qktv,128,128,3807565415,fp16,primary,NA,NA,NA,NA,5.0604546394082194e-06,0.0006477381938442521,0.9999996425527031,0.00014620026476610775,0.0013255825409273188,0.9999992261873173,0.9999115467071533,8.845329284667969e-05,32,4,3,"[8.9765625, 3.75, 9.046875, 8.3984375]",2.90234375,11.5703125,0,0,NA,NA,NA,NA,NA,NA,NA,NA,NA,NA,NA,NA,NA,NA
single_head_qktv,128,128,3807565415,mixed,primary,256,14,32.0,16384,6.332858973902845e-05,0.008106059486595641,0.9999694224846151,0.0008051331841913451,0.007300058544987545,0.9999739536131321,1.0002393860777374,0.0002393860777374357,32,4,3,"[9.00238037109375, 3.7479248046875, 9.067138671875, 8.38232421875]",2.90234375,11.539234161376953,0,0,NA,NA,NA,NA,NA,NA,NA,NA,NA,NA,NA,NA,NA,NA
single_head_qktv,128,128,3807565415,mixed_exact_exp,diagnostic,256,14,32.0,16384,3.409269037352114e-06,0.0004363864367810706,0.9999999261782168,5.016174401316759e-05,0.00045481129731671325,0.9999999291309781,0.9998573669290636,0.00014263307093642652,32,4,3,"[8.973934173583984, 3.7489778995513916, 9.053681373596191, 8.397720336914062]",2.90234375,11.570501327514648,0,0,NA,NA,NA,NA,NA,NA,NA,NA,NA,NA,NA,NA,NA,NA
single_head_qktv,128,128,3807565415,mixed_rtl_exact,diagnostic,256,14,32.0,16384,6.332858973902845e-05,0.008106059486595641,0.9999694224846151,0.0008051331841913451,0.007300058544987545,0.9999739536131321,1.0002393860777374,0.0002393860777374357,32,4,3,"[9.00238037109375, 3.7479248046875, 9.067138671875, 8.38232421875]",2.90234375,11.53923225402832,0,0,NA,NA,NA,NA,NA,NA,NA,NA,NA,NA,NA,NA,NA,NA
single_head_qktv,128,128,3807565415,mixed_rtl_reciprocal,diagnostic,256,14,32.0,16384,6.336973891731546e-05,0.008111326581416379,0.9999694139046527,0.0008049939223626096,0.007298795872521905,0.9999739489170895,1.0002458929957356,0.0002458929957356304,32,4,3,"[9.00238037109375, 3.7479248046875, 9.067138671875, 8.38232421875]",2.90234375,11.53923225402832,0,0,5.083529686089605e-08,6.505360705411159e-06,0.9999999996403551,2.986053004860878e-06,2.7033764857505947e-05,0.99999999961327,6.5069179981946945e-06,6.336953128993628e-05,0.00811130066020587,0.9999694140723185,0.0008049939788179472,0.007298796994770434,0.9999739489500629,0.00024597375886514783
single_head_qktv,256,64,324225714,fp32,primary,NA,NA,NA,NA,2.412646295973531e-10,6.17637451769224e-08,0.9999999999999989,1.3172635788488658e-08,1.1969653176636953e-07,0.999999999999993,0.9999999889696483,1.1030351743102074e-08,32,8,7,"[6.249244689941406, 7.126008033752441, 4.539235591888428, 8.70736312866211, 8.684981346130371, 2.3537070751190186, 2.178072452545166, 6.558600425720215]",3.930917501449585,9.459260940551758,0,0,NA,NA,NA,NA,NA,NA,NA,NA,NA,NA,NA,NA,NA,NA
single_head_qktv,256,64,324225714,fp16,primary,NA,NA,NA,NA,3.4580779993968624e-06,0.0008852679678455969,0.9999997501456668,0.0001363501600536613,0.0012389806813359989,0.9999992475917425,0.9995385408401489,0.0004614591598510742,32,8,7,"[6.25390625, 7.125, 4.5390625, 8.703125, 8.6953125, 2.35546875, 2.17578125, 6.5546875]",3.931640625,9.4609375,0,0,NA,NA,NA,NA,NA,NA,NA,NA,NA,NA,NA,NA,NA,NA
single_head_qktv,256,64,324225714,mixed,primary,256,14,32.0,16384,3.429989660529884e-05,0.008780773530956505,0.9999648012442406,0.0010287326396087395,0.009347842835192854,0.9999638037565538,1.0001317066053161,0.00013170660531613976,32,8,7,"[6.27410888671875, 7.12353515625, 4.541259765625, 8.71173095703125, 8.7147216796875, 2.3538818359375, 2.17547607421875, 6.54437255859375]",3.931640625,9.525859832763672,0,0,NA,NA,NA,NA,NA,NA,NA,NA,NA,NA,NA,NA,NA,NA
single_head_qktv,256,64,324225714,mixed_exact_exp,diagnostic,256,14,32.0,16384,3.529741387953341e-06,0.0009036137953160554,0.999999675145832,0.00010369513581086481,0.0009422524327629078,0.9999996115951671,0.999404427187983,0.0005955728120170534,32,8,7,"[6.247488498687744, 7.128077507019043, 4.53706693649292, 8.70677375793457, 8.687539100646973, 2.3537206649780273, 2.1768805980682373, 6.556347370147705]",3.931640625,9.452847480773926,0,0,NA,NA,NA,NA,NA,NA,NA,NA,NA,NA,NA,NA,NA,NA
single_head_qktv,256,64,324225714,mixed_rtl_exact,diagnostic,256,14,32.0,16384,3.429989660529884e-05,0.008780773530956505,0.9999648012442406,0.0010287326396087395,0.009347842835192854,0.9999638037565538,1.0001317066053161,0.00013170660531613976,32,8,7,"[6.27410888671875, 7.12353515625, 4.541259765625, 8.71173095703125, 8.7147216796875, 2.3538818359375, 2.17547607421875, 6.54437255859375]",3.931640625,9.525857925415039,0,0,NA,NA,NA,NA,NA,NA,NA,NA,NA,NA,NA,NA,NA,NA
single_head_qktv,256,64,324225714,mixed_rtl_reciprocal,diagnostic,256,14,32.0,16384,3.424589444788637e-05,0.008766948978658913,0.9999648591983124,0.0010275011328508357,0.009336652433352643,0.9999638952575397,1.0001492340961704,0.00014923409617040306,32,8,7,"[6.27410888671875, 7.12353515625, 4.541259765625, 8.71173095703125, 8.7147216796875, 2.3538818359375, 2.17547607421875, 6.54437255859375]",3.931640625,9.525857925415039,0,0,6.846676114946604e-08,1.752518267194604e-05,0.9999999981080554,7.342365279328078e-06,6.685861307498619e-05,0.9999999981410385,1.7527490854263306e-05,3.4245823769651906e-05,0.00876693098173322,0.9999648592733267,0.001027502294164151,0.009336663258651241,0.9999638952080795,0.00014924512652214617
single_head_qktv,256,128,4072136073,fp32,primary,NA,NA,NA,NA,3.686339892011412e-10,9.437030123549215e-08,0.9999999999999972,1.5178402178233183e-08,1.7265942878581015e-07,0.9999999999999847,0.9999999367573764,6.324262358248234e-08,32,8,7,"[6.8268609046936035, 5.353281021118164, 4.184364318847656, 5.822237968444824, 5.584909915924072, 2.562716007232666, 4.357311248779297, 6.880546569824219]",3.126295804977417,18.63271141052246,0,0,NA,NA,NA,NA,NA,NA,NA,NA,NA,NA,NA,NA,NA,NA
single_head_qktv,256,128,4072136073,fp16,primary,NA,NA,NA,NA,4.006001374701725e-06,0.0010255363519236416,0.9999996331487556,0.0001396186234369407,0.001588208790847139,0.9999989876352606,0.9990417957305908,0.0009582042694091797,32,8,7,"[6.82421875, 5.34765625, 4.1796875, 5.8203125, 5.578125, 2.564453125, 4.36328125, 6.875]",3.126953125,18.640625,0,0,NA,NA,NA,NA,NA,NA,NA,NA,NA,NA,NA,NA,NA,NA
single_head_qktv,256,128,4072136073,mixed,primary,256,14,32.0,16384,3.907160927520809e-05,0.010002331974453271,0.9999542030026422,0.0007449259646096398,0.008473783342074458,0.9999652629531189,1.000108524793177,0.00010852479317691177,32,8,7,"[6.83575439453125, 5.33660888671875, 4.18853759765625, 5.8250732421875, 5.58935546875, 2.5625, 4.3626708984375, 6.8846435546875]",3.126953125,18.537824630737305,0,0,NA,NA,NA,NA,NA,NA,NA,NA,NA,NA,NA,NA,NA,NA
single_head_qktv,256,128,4072136073,mixed_exact_exp,diagnostic,256,14,32.0,16384,2.0370960159106227e-06,0.0005214965800731194,0.9999998008552151,5.8998358264464516e-05,0.0006711261645083634,0.9999997818296553,1.0000032918032957,3.291803295724094e-06,32,8,7,"[6.823302745819092, 5.350872039794922, 4.181623935699463, 5.823371410369873, 5.581077575683594, 2.5617740154266357, 4.360243797302246, 6.880761623382568]",3.126953125,18.62173080444336,0,0,NA,NA,NA,NA,NA,NA,NA,NA,NA,NA,NA,NA,NA,NA
single_head_qktv,256,128,4072136073,mixed_rtl_exact,diagnostic,256,14,32.0,16384,3.907160927520809e-05,0.010002331974453271,0.9999542030026422,0.0007449259646096398,0.008473783342074458,0.9999652629531189,1.000108524793177,0.00010852479317691177,32,8,7,"[6.83575439453125, 5.33660888671875, 4.18853759765625, 5.8250732421875, 5.58935546875, 2.5625, 4.3626708984375, 6.8846435546875]",3.126953125,18.537818908691406,0,0,NA,NA,NA,NA,NA,NA,NA,NA,NA,NA,NA,NA,NA,NA
single_head_qktv,256,128,4072136073,mixed_rtl_reciprocal,diagnostic,256,14,32.0,16384,3.9170377671336526e-05,0.01002761668386215,0.9999539188173271,0.0007447873612550684,0.008472206682308359,0.999965279778588,1.0001407732343068,0.00014077323430683464,32,8,7,"[6.83575439453125, 5.33660888671875, 4.18853759765625, 5.8250732421875, 5.58935546875, 2.5625, 4.3626708984375, 6.8846435546875]",3.126953125,18.537818908691406,0,0,1.259704731637612e-07,3.224494175428798e-05,0.99999998425006,1.4758963516214862e-05,0.00016754956901513296,0.9999999865703574,3.224844112992287e-05,3.91704159596884e-05,0.010027627119853678,0.9999539188183637,0.0007447852003679145,0.008472182592297501,0.9999652799629888,0.00014083647693041712
single_head_qktv,512,64,75675103,fp32,primary,NA,NA,NA,NA,1.9784217232780304e-10,1.0129519223183516e-07,0.9999999999999941,9.361423552499897e-09,1.281564194217463e-07,0.9999999999999909,1.0000000492364052,4.923640517517924e-08,32,16,15,"[7.432399272918701, 2.653186798095703, 3.15853214263916, 8.937052726745605, 6.311463832855225, 7.127156734466553, 9.052543640136719, 3.658247709274292, 7.899558067321777, 5.3615288734436035, 3.067631721496582, 7.0306620597839355, 4.407069683074951, 5.990389347076416, 3.9184410572052, 7.443300724029541]",3.5100326538085938,29.557716369628906,0,0,NA,NA,NA,NA,NA,NA,NA,NA,NA,NA,NA,NA,NA,NA
single_head_qktv,512,64,75675103,fp16,primary,NA,NA,NA,NA,1.6380402798179424e-06,0.0008386766232667865,0.999999719621091,0.00010039345491049732,0.0013743706437972334,0.9999992938421688,0.9994047284126282,0.0005952715873718262,32,16,15,"[7.42578125, 2.65234375, 3.15625, 8.9453125, 6.3125, 7.12890625, 9.0625, 3.662109375, 7.90234375, 5.3671875, 3.06640625, 7.03125, 4.40625, 5.984375, 3.91796875, 7.43359375]",3.509765625,29.5625,0,0,NA,NA,NA,NA,NA,NA,NA,NA,NA,NA,NA,NA,NA,NA
single_head_qktv,512,64,75675103,mixed,primary,256,14,32.0,16384,1.830939818148705e-05,0.00937441186892137,0.9999550880856685,0.0006899850661549224,0.00944578728192232,0.9999576540356905,1.0000717573166185,7.17573166184593e-05,32,16,15,"[7.43927001953125, 2.65185546875, 3.1551513671875, 8.95745849609375, 6.30865478515625, 7.129638671875, 9.04510498046875, 3.6693115234375, 7.92095947265625, 5.3697509765625, 3.072021484375, 7.0421142578125, 4.4130859375, 5.97772216796875, 3.91851806640625, 7.44598388671875]",3.509765625,29.606529235839844,0,0,NA,NA,NA,NA,NA,NA,NA,NA,NA,NA,NA,NA,NA,NA
single_head_qktv,512,64,75675103,mixed_exact_exp,diagnostic,256,14,32.0,16384,1.1512468853202858e-06,0.0005894384052839863,0.9999997385632592,6.333073106738505e-05,0.0008669877703365141,0.9999997798919065,0.999673178375815,0.00032682162418495864,32,16,15,"[7.4328293800354, 2.654200792312622, 3.1601617336273193, 8.93632698059082, 6.313411235809326, 7.126021385192871, 9.049864768981934, 3.66015887260437, 7.903321266174316, 5.360048770904541, 3.066287040710449, 7.033201694488525, 4.407257080078125, 5.986252307891846, 3.916907787322998, 7.444293975830078]",3.509765625,29.564857482910156,0,0,NA,NA,NA,NA,NA,NA,NA,NA,NA,NA,NA,NA,NA,NA
single_head_qktv,512,64,75675103,mixed_rtl_exact,diagnostic,256,14,32.0,16384,1.830939818148705e-05,0.00937441186892137,0.9999550880856685,0.0006899850661549224,0.00944578728192232,0.9999576540356905,1.0000717573166185,7.17573166184593e-05,32,16,15,"[7.43927001953125, 2.65185546875, 3.1551513671875, 8.95745849609375, 6.30865478515625, 7.129638671875, 9.04510498046875, 3.6693115234375, 7.92095947265625, 5.3697509765625, 3.072021484375, 7.0421142578125, 4.4130859375, 5.97772216796875, 3.91851806640625, 7.44598388671875]",3.509765625,29.60651969909668,0,0,NA,NA,NA,NA,NA,NA,NA,NA,NA,NA,NA,NA,NA,NA
single_head_qktv,512,64,75675103,mixed_rtl_reciprocal,diagnostic,256,14,32.0,16384,1.830487627542261e-05,0.009372096653016377,0.9999550795490996,0.000690913145016684,0.009458492535903976,0.9999575299567708,1.0001055958491634,0.00010559584916336462,32,16,15,"[7.43927001953125, 2.65185546875, 3.1551513671875, 8.95745849609375, 6.30865478515625, 7.129638671875, 9.04510498046875, 3.6693115234375, 7.92095947265625, 5.3697509765625, 3.072021484375, 7.0421142578125, 4.4130859375, 5.97772216796875, 3.91851806640625, 7.44598388671875]",3.509765625,29.60651969909668,0,0,7.392436174313843e-08,3.784655744508137e-05,0.9999999921921097,9.235083325620508e-06,0.000126559411486921,0.999999994407336,3.383853254490532e-05,1.83049097302046e-05,0.009372113320415586,0.9999550794909332,0.00069091280693101,0.00945848745068043,0.999957529961235,0.00010554661275818944
single_head_qktv,512,128,3258718107,fp32,primary,NA,NA,NA,NA,2.762359121325122e-10,1.4143278701184625e-07,0.9999999999999938,1.2529741851236435e-08,2.1274626818033404e-07,0.9999999999999849,1.0000001082516974,1.0825169738382101e-07,32,16,15,"[9.460359573364258, 7.001192569732666, 7.635974884033203, 6.841977119445801, 4.100778102874756, 9.194683074951172, 6.948252201080322, 3.037306308746338, 4.950231552124023, 5.923970699310303, 9.066813468933105, 8.346684455871582, 7.671016693115234, 4.747904300689697, 7.0264201164245605, 9.754866600036621]",3.1663568019866943,38.598148345947266,0,0,NA,NA,NA,NA,NA,NA,NA,NA,NA,NA,NA,NA,NA,NA
single_head_qktv,512,128,3258718107,fp16,primary,NA,NA,NA,NA,1.4146395542738463e-06,0.0007242954517882093,0.9999995914388842,6.298220554646838e-05,0.001069393875058619,0.9999994089951613,1.00022953748703,0.0002295374870300293,32,16,15,"[9.4453125, 7.01171875, 7.6484375, 6.8359375, 4.10546875, 9.1875, 6.94140625, 3.03515625, 4.9453125, 5.9140625, 9.0703125, 8.34375, 7.66015625, 4.74609375, 7.02734375, 9.765625]",3.166015625,38.625,0,0,NA,NA,NA,NA,NA,NA,NA,NA,NA,NA,NA,NA,NA,NA
single_head_qktv,512,128,3258718107,mixed,primary,256,14,32.0,16384,1.8863944253431266e-05,0.009658339457756808,0.9999426714965852,0.0006130368426357614,0.0104089375564384,0.9999470041899343,1.000285361027636,0.0002853610276360996,32,16,15,"[9.45172119140625, 7.01031494140625, 7.6324462890625, 6.85003662109375, 4.1038818359375, 9.1832275390625, 6.9393310546875, 3.0389404296875, 4.9449462890625, 5.91845703125, 9.05682373046875, 8.367919921875, 7.6663818359375, 4.75299072265625, 7.02960205078125, 9.76483154296875]",3.166015625,38.60037612915039,0,0,NA,NA,NA,NA,NA,NA,NA,NA,NA,NA,NA,NA,NA,NA
single_head_qktv,512,128,3258718107,mixed_exact_exp,diagnostic,256,14,32.0,16384,1.5336289652204377e-06,0.0007852180301928641,0.9999996422222274,5.0811987134560804e-05,0.000862752063853432,0.9999997220291559,1.0004941402803524,0.0004941402803524397,32,16,15,"[9.4569730758667, 7.006845474243164, 7.6418304443359375, 6.838611125946045, 4.100965976715088, 9.197291374206543, 6.9458184242248535, 3.037935972213745, 4.952669620513916, 5.920708179473877, 9.0660400390625, 8.34534740447998, 7.6726789474487305, 4.750485897064209, 7.025290489196777, 9.756950378417969]",3.166015625,38.61174011230469,0,0,NA,NA,NA,NA,NA,NA,NA,NA,NA,NA,NA,NA,NA,NA
single_head_qktv,512,128,3258718107,mixed_rtl_exact,diagnostic,256,14,32.0,16384,1.8863944253431266e-05,0.009658339457756808,0.9999426714965852,0.0006130368426357614,0.0104089375564384,0.9999470041899343,1.000285361027636,0.0002853610276360996,32,16,15,"[9.45172119140625, 7.01031494140625, 7.6324462890625, 6.85003662109375, 4.1038818359375, 9.1832275390625, 6.9393310546875, 3.0389404296875, 4.9449462890625, 5.91845703125, 9.05682373046875, 8.367919921875, 7.6663818359375, 4.75299072265625, 7.02960205078125, 9.76483154296875]",3.166015625,38.60036087036133,0,0,NA,NA,NA,NA,NA,NA,NA,NA,NA,NA,NA,NA,NA,NA
single_head_qktv,512,128,3258718107,mixed_rtl_reciprocal,diagnostic,256,14,32.0,16384,1.8956934601297628e-05,0.009705950515864386,0.9999422965583978,0.0006166222126313237,0.01046981463560395,0.9999465781399038,1.0003385547242942,0.0003385547242942266,32,16,15,"[9.45172119140625, 7.01031494140625, 7.6324462890625, 6.85003662109375, 4.1038818359375, 9.1832275390625, 6.9393310546875, 3.0389404296875, 4.9449462890625, 5.91845703125, 9.05682373046875, 8.367919921875, 7.6663818359375, 4.75299072265625, 7.02960205078125, 9.76483154296875]",3.166015625,38.60036087036133,0,0,1.3824691791342048e-07,7.076222918923202e-05,0.9999999783267159,9.787789167603478e-06,0.0001661355318843146,0.9999999863394039,5.319369665812701e-05,1.8956932947844507e-05,0.009705948618610976,0.9999422964368719,0.0006166220064187655,0.010469809606347616,0.9999465781530525,0.0003384464725968428
single_head_qktv,1024,64,3326527057,fp32,primary,NA,NA,NA,NA,1.203674955613026e-10,1.2325631545477388e-07,0.9999999999999922,6.787147467520415e-09,1.736589433283717e-07,0.999999999999988,0.9999999859464879,1.4053512131795287e-08,32,32,31,"[6.017552375793457, 8.9087553024292, 2.4584929943084717, 11.649479866027832, 6.713736534118652, 8.520915031433105, 12.465072631835938, 7.227176666259766, 5.433352470397949, 12.450648307800293, 6.411340713500977, 11.12017822265625, 9.819662094116211, 8.972244262695312, 11.928215980529785, 5.5260515213012695, 5.820289611816406, 8.785531997680664, 9.30652141571045, 10.865856170654297, 8.658232688903809, 9.146815299987793, 11.922039031982422, 7.103096008300781, 2.937098264694214, 6.513136863708496, 5.141229152679443, 6.499783992767334, 7.477965354919434, 2.4333698749542236, 7.733517646789551, 5.395504951477051]",3.411228656768799,50.45354461669922,0,0,NA,NA,NA,NA,NA,NA,NA,NA,NA,NA,NA,NA,NA,NA
single_head_qktv,1024,64,3326527057,fp16,primary,NA,NA,NA,NA,8.580218406108754e-07,0.0008786143647855364,0.9999993421082763,6.573395887912473e-05,0.0016818980130263543,0.9999987647339117,0.999883770942688,0.00011622905731201172,32,32,31,"[6.01953125, 8.90625, 2.458984375, 11.6484375, 6.71484375, 8.515625, 12.4609375, 7.2265625, 5.4296875, 12.453125, 6.41796875, 11.1171875, 9.8203125, 8.96875, 11.921875, 5.52734375, 5.8203125, 8.78125, 9.3046875, 10.8671875, 8.65625, 9.140625, 11.9140625, 7.08984375, 2.935546875, 6.51171875, 5.14453125, 6.5, 7.4765625, 2.431640625, 7.7265625, 5.3984375]",3.412109375,50.375,0,0,NA,NA,NA,NA,NA,NA,NA,NA,NA,NA,NA,NA,NA,NA
single_head_qktv,1024,64,3326527057,mixed,primary,256,14,32.0,16384,9.372262477377597e-06,0.00959719677683466,0.9999592130034097,0.0004041258301534819,0.010340141417583482,0.9999542959533491,1.0008370324794669,0.0008370324794668704,32,32,31,"[6.028076171875, 8.90557861328125, 2.4638671875, 11.68865966796875, 6.72296142578125, 8.52850341796875, 12.470947265625, 7.23138427734375, 5.43505859375, 12.453857421875, 6.43536376953125, 11.126220703125, 9.83831787109375, 8.9674072265625, 11.96820068359375, 5.53961181640625, 5.83367919921875, 8.7965087890625, 9.3052978515625, 10.90960693359375, 8.673095703125, 9.1600341796875, 11.87213134765625, 7.120361328125, 2.9400634765625, 6.5172119140625, 5.15570068359375, 6.50299072265625, 7.48193359375, 2.43359375, 7.73974609375, 5.41375732421875]",3.412109375,50.48282241821289,0,0,NA,NA,NA,NA,NA,NA,NA,NA,NA,NA,NA,NA,NA,NA
single_head_qktv,1024,64,3326527057,mixed_exact_exp,diagnostic,256,14,32.0,16384,5.635352515111186e-07,0.0005770600975473854,0.999999809607324,3.077189828127456e-05,0.0007873433375813422,0.9999998110266253,1.0000958140808507,9.581408085068688e-05,32,32,31,"[6.021650791168213, 8.90953254699707, 2.4574437141418457, 11.654816627502441, 6.71613073348999, 8.52103328704834, 12.465958595275879, 7.228549957275391, 5.437438488006592, 12.452632904052734, 6.415785789489746, 11.121111869812012, 9.82122802734375, 8.97254753112793, 11.93117618560791, 5.526192665100098, 5.816699981689453, 8.788688659667969, 9.308770179748535, 10.86752986907959, 8.657511711120605, 9.142829895019531, 11.917943000793457, 7.101204872131348, 2.9365129470825195, 6.515157699584961, 5.137999057769775, 6.4997944831848145, 7.4755659103393555, 2.4320342540740967, 7.733521461486816, 5.397308826446533]",3.412109375,50.412681579589844,0,0,NA,NA,NA,NA,NA,NA,NA,NA,NA,NA,NA,NA,NA,NA
single_head_qktv,1024,64,3326527057,mixed_rtl_exact,diagnostic,256,14,32.0,16384,9.372262477377597e-06,0.00959719677683466,0.9999592130034097,0.0004041258301534819,0.010340141417583482,0.9999542959533491,1.0008370324794669,0.0008370324794668704,32,32,31,"[6.028076171875, 8.90557861328125, 2.4638671875, 11.68865966796875, 6.72296142578125, 8.52850341796875, 12.470947265625, 7.23138427734375, 5.43505859375, 12.453857421875, 6.43536376953125, 11.126220703125, 9.83831787109375, 8.9674072265625, 11.96820068359375, 5.53961181640625, 5.83367919921875, 8.7965087890625, 9.3052978515625, 10.90960693359375, 8.673095703125, 9.1600341796875, 11.87213134765625, 7.120361328125, 2.9400634765625, 6.5172119140625, 5.15570068359375, 6.50299072265625, 7.48193359375, 2.43359375, 7.73974609375, 5.41375732421875]",3.412109375,50.48277282714844,0,0,NA,NA,NA,NA,NA,NA,NA,NA,NA,NA,NA,NA,NA,NA
single_head_qktv,1024,64,3326527057,mixed_rtl_reciprocal,diagnostic,256,14,32.0,16384,9.384536428122254e-06,0.009609765302397188,0.9999591694884875,0.0004061663433625492,0.010392350886941553,0.9999542250643509,1.0008566995165893,0.0008566995165892877,32,32,31,"[6.028076171875, 8.90557861328125, 2.4638671875, 11.68865966796875, 6.72296142578125, 8.52850341796875, 12.470947265625, 7.23138427734375, 5.43505859375, 12.453857421875, 6.43536376953125, 11.126220703125, 9.83831787109375, 8.9674072265625, 11.96820068359375, 5.53961181640625, 5.83367919921875, 8.7965087890625, 9.3052978515625, 10.90960693359375, 8.673095703125, 9.1600341796875, 11.87213134765625, 7.120361328125, 2.9400634765625, 6.5172119140625, 5.15570068359375, 6.50299072265625, 7.48193359375, 2.43359375, 7.73974609375, 5.41375732421875]",3.412109375,50.48277282714844,0,0,2.1680413908597984e-08,2.218217664009131e-05,0.9999999734976015,9.934650734066963e-06,0.00025396489617946253,0.9999999735380453,1.966703712241724e-05,9.384529466416325e-06,0.00960975830866117,0.9999591695432511,0.00040616524347569793,0.010392322914166948,0.9999542254476299,0.0008567135701014195
single_head_qktv,1024,128,468178088,fp32,primary,NA,NA,NA,NA,1.9696529117952057e-10,2.0169245816782901e-07,0.9999999999999749,1.2981385455730244e-08,2.399004712102369e-07,0.9999999999999843,0.9999998199091351,1.8009086488746107e-07,32,32,31,"[8.522351264953613, 7.83595609664917, 9.74771785736084, 5.554058074951172, 1.9257479906082153, 7.484218120574951, 6.598509788513184, 9.915362358093262, 2.9178740978240967, 6.427102565765381, 2.253268241882324, 6.838057994842529, 6.909201145172119, 2.6902902126312256, 4.435421943664551, 4.199948310852051, 4.893904685974121, 8.279858589172363, 6.271216869354248, 2.5066771507263184, 7.379795551300049, 3.8345227241516113, 7.311769008636475, 6.918075084686279, 8.209512710571289, 10.94160270690918, 9.315943717956543, 6.515120029449463, 7.670837879180908, 7.374392509460449, 1.9444663524627686, 3.828547954559326]",4.015172004699707,32.7080078125,0,0,NA,NA,NA,NA,NA,NA,NA,NA,NA,NA,NA,NA,NA,NA
single_head_qktv,1024,128,468178088,fp16,primary,NA,NA,NA,NA,9.498262942222016e-07,0.0009726221252835342,0.9999992607732142,9.042597648739847e-05,0.0016711031686834988,0.9999987233464832,0.9996397495269775,0.00036025047302246094,32,32,31,"[8.515625, 7.83203125, 9.765625, 5.55078125, 1.923828125, 7.4765625, 6.59375, 9.90625, 2.916015625, 6.41796875, 2.25, 6.83203125, 6.90625, 2.689453125, 4.4375, 4.19921875, 4.890625, 8.28125, 6.265625, 2.509765625, 7.37890625, 3.83984375, 7.31640625, 6.91796875, 8.203125, 10.9453125, 9.328125, 6.51171875, 7.66796875, 7.375, 1.9453125, 3.828125]",4.015625,32.6875,0,0,NA,NA,NA,NA,NA,NA,NA,NA,NA,NA,NA,NA,NA,NA
single_head_qktv,1024,128,468178088,mixed,primary,256,14,32.0,16384,1.1704805495016092e-05,0.011985720826896475,0.9999350926913371,0.0005514636644213227,0.010191238323610597,0.9999488961145886,1.0001574618618179,0.0001574618618178647,32,32,31,"[8.516845703125, 7.83599853515625, 9.7740478515625, 5.5460205078125, 1.92486572265625, 7.47601318359375, 6.60784912109375, 9.922119140625, 2.914306640625, 6.408447265625, 2.2515869140625, 6.80108642578125, 6.93927001953125, 2.69085693359375, 4.4427490234375, 4.19873046875, 4.89349365234375, 8.308349609375, 6.2559814453125, 2.509521484375, 7.3760986328125, 3.84027099609375, 7.3043212890625, 6.94189453125, 8.221923828125, 10.9432373046875, 9.329345703125, 6.51763916015625, 7.6888427734375, 7.38623046875, 1.9483642578125, 3.83251953125]",4.015625,32.69034194946289,0,0,NA,NA,NA,NA,NA,NA,NA,NA,NA,NA,NA,NA,NA,NA
single_head_qktv,1024,128,468178088,mixed_exact_exp,diagnostic,256,14,32.0,16384,5.674020788133007e-07,0.0005810197287048198,0.9999998450852368,3.2814715782061065e-05,0.0006064272419606391,0.999999837297139,1.0000864607391122,8.646073911222629e-05,32,32,31,"[8.527131080627441, 7.837606906890869, 9.749849319458008, 5.553841590881348, 1.9250731468200684, 7.483565807342529, 6.598604679107666, 9.915824890136719, 2.9167983531951904, 6.426874160766602, 2.252992630004883, 6.833773612976074, 6.9105072021484375, 2.6898369789123535, 4.436528205871582, 4.200032711029053, 4.8908491134643555, 8.27877426147461, 6.269136428833008, 2.506411552429199, 7.3811163902282715, 3.835766077041626, 7.314910888671875, 6.914229393005371, 8.209468841552734, 10.94428539276123, 9.320154190063477, 6.516132831573486, 7.671905040740967, 7.373041152954102, 1.9448572397232056, 3.8288733959198]",4.015625,32.694236755371094,0,0,NA,NA,NA,NA,NA,NA,NA,NA,NA,NA,NA,NA,NA,NA
single_head_qktv,1024,128,468178088,mixed_rtl_exact,diagnostic,256,14,32.0,16384,1.1704805495016092e-05,0.011985720826896475,0.9999350926913371,0.0005514636644213227,0.010191238323610597,0.9999488961145886,1.0001574618618179,0.0001574618618178647,32,32,31,"[8.516845703125, 7.83599853515625, 9.7740478515625, 5.5460205078125, 1.92486572265625, 7.47601318359375, 6.60784912109375, 9.922119140625, 2.914306640625, 6.408447265625, 2.2515869140625, 6.80108642578125, 6.93927001953125, 2.69085693359375, 4.4427490234375, 4.19873046875, 4.89349365234375, 8.308349609375, 6.2559814453125, 2.509521484375, 7.3760986328125, 3.84027099609375, 7.3043212890625, 6.94189453125, 8.221923828125, 10.9432373046875, 9.329345703125, 6.51763916015625, 7.6888427734375, 7.38623046875, 1.9483642578125, 3.83251953125]",4.015625,32.69031524658203,0,0,NA,NA,NA,NA,NA,NA,NA,NA,NA,NA,NA,NA,NA,NA
single_head_qktv,1024,128,468178088,mixed_rtl_reciprocal,diagnostic,256,14,32.0,16384,1.1702709941088116e-05,0.011983574979674227,0.9999351356882238,0.0005521989415340569,0.010204826497724723,0.9999487945777625,1.0001718381354294,0.00017183813542942517,32,32,31,"[8.516845703125, 7.83599853515625, 9.7740478515625, 5.5460205078125, 1.92486572265625, 7.47601318359375, 6.60784912109375, 9.922119140625, 2.914306640625, 6.408447265625, 2.2515869140625, 6.80108642578125, 6.93927001953125, 2.69085693359375, 4.4427490234375, 4.19873046875, 4.89349365234375, 8.308349609375, 6.2559814453125, 2.509521484375, 7.3760986328125, 3.84027099609375, 7.3043212890625, 6.94189453125, 8.221923828125, 10.9432373046875, 9.329345703125, 6.51763916015625, 7.6888427734375, 7.38623046875, 1.9483642578125, 3.83251953125]",4.015625,32.69031524658203,0,0,1.6271258118649712e-08,1.665914513348829e-05,0.9999999953108688,4.844681825488806e-06,8.945471502460822e-05,0.9999999960458523,1.4376273611560464e-05,1.1702715038808265e-05,0.011983582357873375,0.9999351355812678,0.0005521995390154188,0.010204839446323683,0.9999487949243038,0.00017201822629431263
