kind,config,N,D,C0,Cs,Cv,R_squared,measured_cycles,fitted_cycles,Cstall_cycles,crossover_pair,crossover_D,workload,note
parameter,B2R_RVV,,,153.477363,1594.233808,2.086684,0.999946202515,,,,,,,
parameter,A1_SMU_SCALAR,,,1382.770246,90.278155,2.126010,0.999275821160,,,,,,,
parameter,A2_SMU_FULL,,,1285.577085,19.317262,8.029465,0.999987010929,,,,,,,
point,B2R_RVV,1,1,,,,,1768,1749.797855,18.202145,,,,
point,B2R_RVV,1,8,,,,,1841,1764.404646,76.595354,,,,
point,B2R_RVV,1,16,,,,,1875,1781.098122,93.901878,,,,
point,B2R_RVV,1,32,,,,,1873,1814.485073,58.514927,,,,
point,B2R_RVV,1,64,,,,,2011,1881.258976,129.741024,,,,
point,B2R_RVV,2,1,,,,,3240,3346.118348,-106.118348,,,,
point,B2R_RVV,2,8,,,,,3332,3375.331930,-43.331930,,,,
point,B2R_RVV,2,16,,,,,3326,3408.718881,-82.718881,,,,
point,B2R_RVV,2,32,,,,,3290,3475.492784,-185.492784,,,,
point,B2R_RVV,2,64,,,,,3623,3609.040589,13.959411,,,,
point,B2R_RVV,4,1,,,,,6450,6538.759333,-88.759333,,,,
point,B2R_RVV,4,8,,,,,6506,6597.186497,-91.186497,,,,
point,B2R_RVV,4,16,,,,,6746,6663.960400,82.039600,,,,
point,B2R_RVV,4,32,,,,,6664,6797.508205,-133.508205,,,,
point,B2R_RVV,4,64,,,,,7065,7064.603815,0.396185,,,,
point,B2R_RVV,8,1,,,,,13014,12924.041303,89.958697,,,,
point,B2R_RVV,8,8,,,,,13159,13040.895632,118.104368,,,,
point,B2R_RVV,8,16,,,,,13128,13174.443437,-46.443437,,,,
point,B2R_RVV,8,32,,,,,13514,13441.539047,72.460953,,,,
point,B2R_RVV,8,64,,,,,13995,13975.730267,19.269733,,,,
point,B2R_RVV,8,128,,,,,15100,15044.112707,55.887293,,,,
point,B2R_RVV,16,64,,,,,27765,27797.983172,-32.983172,,,,
point,B2R_RVV,32,64,,,,,55424,55442.488980,-18.488980,,,,
point,A1_SMU_SCALAR,1,1,,,,,1488,1475.174411,12.825589,,,,
point,A1_SMU_SCALAR,1,8,,,,,1483,1490.056482,-7.056482,,,,
point,A1_SMU_SCALAR,1,16,,,,,1540,1507.064564,32.935436,,,,
point,A1_SMU_SCALAR,1,32,,,,,1539,1541.080726,-2.080726,,,,
point,A1_SMU_SCALAR,1,64,,,,,1610,1609.113051,0.886949,,,,
point,A1_SMU_SCALAR,2,1,,,,,1591,1567.578577,23.421423,,,,
point,A1_SMU_SCALAR,2,8,,,,,1582,1597.342719,-15.342719,,,,
point,A1_SMU_SCALAR,2,16,,,,,1637,1631.358881,5.641119,,,,
point,A1_SMU_SCALAR,2,32,,,,,1670,1699.391206,-29.391206,,,,
point,A1_SMU_SCALAR,2,64,,,,,1815,1835.455856,-20.455856,,,,
point,A1_SMU_SCALAR,4,1,,,,,1858,1752.386908,105.613092,,,,
point,A1_SMU_SCALAR,4,8,,,,,1789,1811.915192,-22.915192,,,,
point,A1_SMU_SCALAR,4,16,,,,,1839,1879.947517,-40.947517,,,,
point,A1_SMU_SCALAR,4,32,,,,,2053,2016.012166,36.987834,,,,
point,A1_SMU_SCALAR,4,64,,,,,2325,2288.141465,36.858535,,,,
point,A1_SMU_SCALAR,8,1,,,,,2164,2122.003570,41.996430,,,,
point,A1_SMU_SCALAR,8,8,,,,,2171,2241.060139,-70.060139,,,,
point,A1_SMU_SCALAR,8,16,,,,,2360,2377.124788,-17.124788,,,,
point,A1_SMU_SCALAR,8,32,,,,,2632,2649.254087,-17.254087,,,,
point,A1_SMU_SCALAR,8,64,,,,,3192,3193.512685,-1.512685,,,,
point,A1_SMU_SCALAR,8,128,,,,,4280,4282.029881,-2.029881,,,,
point,A1_SMU_SCALAR,16,64,,,,,4896,5004.255124,-108.255124,,,,
point,A1_SMU_SCALAR,32,64,,,,,8683,8625.740003,57.259997,,,,
point,A2_SMU_FULL,1,1,,,,,1338,1312.923812,25.076188,,,,
point,A2_SMU_FULL,1,8,,,,,1380,1369.130064,10.869936,,,,
point,A2_SMU_FULL,1,16,,,,,1433,1433.365782,-0.365782,,,,
point,A2_SMU_FULL,1,32,,,,,1555,1561.837217,-6.837217,,,,
point,A2_SMU_FULL,1,64,,,,,1825,1818.780086,6.219914,,,,
point,A2_SMU_FULL,2,1,,,,,1337,1340.270539,-3.270539,,,,
point,A2_SMU_FULL,2,8,,,,,1459,1452.683044,6.316956,,,,
point,A2_SMU_FULL,2,16,,,,,1588,1581.154479,6.845521,,,,
point,A2_SMU_FULL,2,32,,,,,1826,1838.097348,-12.097348,,,,
point,A2_SMU_FULL,2,64,,,,,2349,2351.983087,-2.983087,,,,
point,A2_SMU_FULL,4,1,,,,,1380,1394.963993,-14.963993,,,,
point,A2_SMU_FULL,4,8,,,,,1653,1619.789004,33.210996,,,,
point,A2_SMU_FULL,4,16,,,,,1860,1876.731873,-16.731873,,,,
point,A2_SMU_FULL,4,32,,,,,2378,2390.617612,-12.617612,,,,
point,A2_SMU_FULL,4,64,,,,,3412,3418.389090,-6.389090,,,,
point,A2_SMU_FULL,8,1,,,,,1502,1504.350901,-2.350901,,,,
point,A2_SMU_FULL,8,8,,,,,1931,1954.000923,-23.000923,,,,
point,A2_SMU_FULL,8,16,,,,,2494,2467.886662,26.113338,,,,
point,A2_SMU_FULL,8,32,,,,,3477,3495.658140,-18.658140,,,,
point,A2_SMU_FULL,8,64,,,,,5559,5551.201096,7.798904,,,,
point,A2_SMU_FULL,8,128,,,,,9652,9662.287008,-10.287008,,,,
point,A2_SMU_FULL,16,64,,,,,9820,9816.825108,3.174892,,,,
point,A2_SMU_FULL,32,64,,,,,18353,18348.073131,4.926869,,,,
crossover,,1,,,,,,,,,B2R_RVV vs A1_SMU_SCALAR,6984.308,,
crossover,,1,,,,,,,,,A1_SMU_SCALAR vs A2_SMU_FULL,28.484,,
crossover,,1,,,,,,,,,B2R_RVV vs A2_SMU_FULL,74.513,,
crossover,,2,,,,,,,,,B2R_RVV vs A1_SMU_SCALAR,22613.948,,
crossover,,2,,,,,,,,,A1_SMU_SCALAR vs A2_SMU_FULL,20.252,,
crossover,,2,,,,,,,,,B2R_RVV vs A2_SMU_FULL,169.763,,
crossover,,4,,,,,,,,,B2R_RVV vs A1_SMU_SCALAR,30428.767,,
crossover,,4,,,,,,,,,A1_SMU_SCALAR vs A2_SMU_FULL,16.136,,
crossover,,4,,,,,,,,,B2R_RVV vs A2_SMU_FULL,217.388,,
crossover,,8,,,,,,,,,B2R_RVV vs A1_SMU_SCALAR,34336.177,,
crossover,,8,,,,,,,,,A1_SMU_SCALAR vs A2_SMU_FULL,14.078,,
crossover,,8,,,,,,,,,B2R_RVV vs A2_SMU_FULL,241.201,,
crossover,,16,,,,,,,,,B2R_RVV vs A1_SMU_SCALAR,36289.882,,
crossover,,16,,,,,,,,,A1_SMU_SCALAR vs A2_SMU_FULL,13.049,,
crossover,,16,,,,,,,,,B2R_RVV vs A2_SMU_FULL,253.107,,
crossover,,32,,,,,,,,,B2R_RVV vs A1_SMU_SCALAR,37266.735,,
crossover,,32,,,,,,,,,A1_SMU_SCALAR vs A2_SMU_FULL,12.535,,
crossover,,32,,,,,,,,,B2R_RVV vs A2_SMU_FULL,259.060,,
workload,B2R_RVV,12,64,,,,,20785,20886.9,-101.9,,,BERT,
workload,A1_SMU_SCALAR,12,64,,,,,4128,4098.9,29.1,,,BERT,
workload,A2_SMU_FULL,12,64,,,,,7704,7684.0,20.0,,,BERT,
workload,B2R_RVV,32,128,,,,,59500,59716.0,-216.0,,,Mistral,
workload,A1_SMU_SCALAR,32,128,,,,,12866,12979.8,-113.8,,,Mistral,
workload,A2_SMU_FULL,32,128,,,,,34728,34792.4,-64.4,,,Mistral,
workload,B2R_RVV,40,128,,,,,75027,74606.7,420.3,,,Qwen14B,
workload,A1_SMU_SCALAR,40,128,,,,,15733,15879.1,-146.1,,,Qwen14B,
workload,A2_SMU_FULL,40,128,,,,,43206,43169.1,36.9,,,Qwen14B,
